id,intitule,entreprise,metier,zone,zone_q3,departement,type_contrat,experience_exige,experience_libelle,date_creation,comp_SQL,comp_Python,comp_R,comp_SAS,comp_VBA,comp_Power BI,comp_Tableau,comp_Excel,comp_Looker,comp_Qlik,comp_dbt,comp_Spark,comp_Airflow,comp_ETL,comp_Snowflake,comp_BigQuery,comp_Databricks,comp_Azure,comp_AWS,comp_GCP,comp_Git,comp_Docker,comp_CI/CD,comp_Statistiques,comp_Machine learning,comp_Deep learning,comp_IA générative,comp_SAP,comp_Supply chain,comp_Anglais,comp_Agile / Scrum,comp_Storytelling
214SDJN,"Consultant Data Analyst, Business Intelligence, IA & Data (H/F)",,Data Analyst,Autres régions,Hors Île-de-France,,CDI,E,7 An(s),2026-10-02 11:57:40.074000+00:00,True,True,False,False,False,True,True,True,False,True,False,False,False,True,False,False,False,False,False,False,True,False,False,True,False,False,False,False,False,False,True,False
214RTCJ,Data Analyst Power BI (H/F),IGREC,Data Analyst,Autres régions,Hors Île-de-France,31,CDD,E,6 Mois,2026-10-02 09:32:10.300000+00:00,False,False,False,False,False,True,False,False,False,False,False,False,False,False,False,False,False,False,False,False,False,False,False,False,False,False,False,False,False,False,False,True
214RRCR,Data Analyst (h/f) (H/F),ADECCO,Data Analyst,Autres régions,Hors Île-de-France,69,MIS,E,1 An(s),2026-10-02 08:19:29.974000+00:00,False,False,False,False,False,True,False,True,False,False,False,False,False,False,False,False,False,False,False,False,False,False,False,False,False,False,False,False,False,False,False,False
214QSBR,Consultant Business Intelligence / Data Analyst- Finance (H/F),OMICRONE,Data Analyst,Île-de-France,Île-de-France,92,CDI,D,Débutant accepté,2026-10-01 10:26:15.152000+00:00,False,False,False,False,False,False,False,False,False,False,False,False,False,False,False,False,False,False,False,False,False,False,False,False,False,False,False,False,False,False,False,False
214PLDP,Data Analyst expérimenté - CDI - Lille F/H (H/F),ADN-CONSULTING NANTES,Data Analyst,Autres régions,Hors Île-de-France,59,CDI,E,5 An(s),2026-09-30 09:52:48.353000+00:00,True,False,False,False,False,False,True,False,False,False,True,False,False,False,False,False,True,False,False,False,False,False,False,False,False,False,False,False,False,False,False,False
214NHNS,Digital Data Analyst (H/F),LABORATOIRES DE BIOLOGIE VEGETALE YVES R,Data Analyst,Île-de-France,Île-de-France,92,CDI,E,2 An(s),2026-09-29 11:05:36.703000+00:00,True,True,False,False,False,False,True,False,True,False,False,False,False,False,False,True,False,False,False,False,False,False,False,False,False,False,False,False,False,True,False,False
214MVVW,Data analyst (H/F),MANPOWER FRANCE,Data Analyst,Autres régions,Hors Île-de-France,31,MIS,E,5 An(s),2026-09-28 20:06:12.925000+00:00,False,False,False,False,False,True,False,True,False,True,False,False,False,True,False,False,False,False,False,False,False,False,False,False,False,False,False,True,True,True,False,True
214MTFC,Data Analyst (H/F),IKOS CONSULTING,Data Analyst,Île-de-France,Île-de-France,92,CDI,E,5 An(s),2026-09-28 17:52:37.132000+00:00,False,False,False,False,True,True,False,False,False,False,False,False,False,False,False,False,False,False,False,False,False,False,False,False,False,False,False,False,False,False,False,False
214LMTM,Data Analyst Azure Synapse (H/F),CIORANE,Data Analyst,Autres régions,Hors Île-de-France,31,CDI,E,5 An(s),2026-09-27 21:57:05.740000+00:00,False,False,False,False,False,True,False,False,False,False,False,False,False,False,False,False,False,True,False,False,False,False,False,False,False,False,False,False,False,True,False,True
214LGFL,Data analyst (F/H),RANDSTAD PROFESSIONAL - APPEL MEDICAL,Data Analyst,Pays de la Loire,Hors Île-de-France,44,MIS,D,Débutant accepté,2026-09-25 17:32:34.975000+00:00,False,False,False,False,False,False,False,False,False,False,False,False,False,False,False,False,False,False,False,False,False,False,False,False,False,False,False,False,False,False,False,False
214KJJQ,Data Analyst (H/F),NEO SOFT SERVICES,Data Analyst,Autres régions,Hors Île-de-France,79,CDI,E,2 An(s),2026-09-25 09:53:59.837000+00:00,True,False,False,False,False,False,True,False,False,False,False,False,False,True,False,False,False,False,False,False,False,False,False,False,False,False,False,False,False,False,False,False
214JMGC,Data analyst (F/H),RANDSTAD PROFESSIONAL - APPEL MEDICAL,Data Analyst,Autres régions,Hors Île-de-France,29,MIS,D,Débutant accepté,2026-09-24 12:06:07.252000+00:00,False,False,False,False,True,False,False,False,False,False,False,False,False,False,False,False,False,False,False,False,False,False,False,False,False,False,False,False,False,False,False,False
214GWTX,INGENIEUR DATA ANALYST (H/F),SGD S.A.,Data Analyst,Île-de-France,Île-de-France,94,CDD,D,Débutant accepté,2026-09-23 09:50:16.086000+00:00,True,False,False,False,False,False,False,False,False,False,False,False,False,False,False,False,False,False,False,False,False,False,False,True,True,False,False,False,False,False,False,False
214DLKB,Data analyst H/F (H/F),THOM,Data Analyst,Île-de-France,Île-de-France,75,CDI,E,3 An(s) - À 5 ans en data analyse/retailer,2026-09-21 12:20:41.928000+00:00,False,False,False,False,False,True,False,False,False,False,False,False,False,False,False,False,False,False,False,False,False,False,False,True,False,False,False,False,False,False,False,True
214BTWK,Data Analyst H/F,DOMINIQUE DUTSCHER S.A,Data Analyst,Autres régions,Hors Île-de-France,67,CDI,E,1 An(s),2026-09-18 11:06:23.256000+00:00,True,True,False,False,False,False,False,False,False,False,False,False,False,False,False,False,False,False,False,False,False,False,False,False,False,False,False,False,False,True,False,False
214BQVT,Data Analyst (H/F) - CDI,CAISSE EPARGNE PREVOYANCE LANGUEDOC ROUS,Data Analyst,Autres régions,Hors Île-de-France,34,CDI,E,5 An(s),2026-09-18 10:12:51.834000+00:00,True,False,False,False,False,True,False,True,False,False,False,False,False,False,False,False,False,False,False,True,False,False,False,False,False,False,False,False,False,False,False,False
214BMKG,DATA ANALYST (H/F),POK,Data Analyst,Autres régions,Hors Île-de-France,10,CDI,D,Débutant accepté,2026-09-18 08:48:45.535000+00:00,True,False,False,False,False,False,False,True,False,False,False,False,False,False,False,False,False,False,False,False,False,False,False,True,False,False,False,False,True,False,False,False
214BFGN,Expert Data / Data Analyst (H/F),GRDF,Data Analyst,Île-de-France,Île-de-France,92,CDI,D,Débutant accepté,2026-09-17 17:24:12.284000+00:00,False,False,False,False,False,True,False,False,False,False,False,False,False,False,False,False,False,False,False,False,False,False,False,False,False,False,False,False,False,False,False,False
213YXSB,Data Analyst Data Marketing (H/F),CREDIT AGRICOLE ALPES PROVENCE,Data Analyst,Autres régions,Hors Île-de-France,13,CDD,E,6 Mois,2026-09-16 17:22:40.311000+00:00,True,True,False,True,False,False,False,True,False,False,False,False,False,False,False,False,False,False,False,False,False,False,False,True,False,False,False,False,False,False,False,True
213VJXT,Data analyst (H/F),DAVIDSON PACA,Data Analyst,Autres régions,Hors Île-de-France,06,CDI,D,Débutant accepté,2026-09-14 11:46:23.729000+00:00,True,True,False,False,False,True,False,False,False,False,False,False,False,False,False,False,False,True,False,False,True,False,False,False,False,False,False,False,False,False,False,False
213VGNP,Data Analyst (H/F),LUCKY CART,Data Analyst,Île-de-France,Île-de-France,75,CDI,E,1 An(s),2026-09-14 11:03:11.941000+00:00,False,False,False,False,False,False,False,False,False,False,False,False,False,True,False,False,False,False,False,False,False,False,False,False,False,False,False,False,False,False,False,False
213TQNJ,Data Analyst IT (H/F),BPCE SOLUTIONS INFORMATIQUES,Data Analyst,Autres régions,Hors Île-de-France,13,CDI,D,Débutant accepté,2026-09-11 18:25:17.571000+00:00,False,True,False,False,False,True,False,False,False,False,False,False,False,False,False,False,False,False,False,False,False,False,False,False,False,False,False,False,False,False,False,False
213RWQL,Senior Product Data Analyst (H/F),ADIKTEEV,Data Analyst,Île-de-France,Île-de-France,75,CDI,E,5 An(s),2026-09-10 14:42:43.043000+00:00,True,True,False,False,False,False,False,True,False,False,False,False,False,False,False,False,False,False,False,False,False,False,False,False,True,False,False,False,False,True,False,False
213RPSJ,Data Analyst - Pilotage & Transformation Digitale (H/F),DELYS,Data Analyst,Île-de-France,Île-de-France,75,CDI,E,2 An(s),2026-09-10 11:51:17.046000+00:00,True,True,False,False,False,True,True,False,False,False,False,False,False,False,True,False,False,False,False,False,False,False,False,False,False,False,False,False,False,False,False,False
213PYVN,Chargé(e) d'Approvisionnement & Data Analyst (H/F),FEELNFOOD,Data Analyst,Île-de-France,Île-de-France,93,CDI,D,Débutant accepté,2026-09-09 10:18:13.679000+00:00,True,False,False,False,False,True,False,True,True,False,False,False,False,False,False,False,False,False,False,False,False,False,False,True,False,False,False,False,True,False,False,False
213PGWH,Data analyst (H/F),AMILTONE,Data Analyst,Autres régions,Hors Île-de-France,69,CDI,E,3 An(s),2026-09-08 15:53:36.495000+00:00,False,True,False,False,False,True,False,False,False,False,False,False,False,False,False,False,False,False,False,False,False,False,False,False,False,False,False,False,False,False,True,False
212NBNW,Data Analyst / BI Analyst - Power BI (H/F),BRAIN LOGIC,Data Analyst,Île-de-France,Île-de-France,75,CDI,E,3 An(s),2026-08-17 10:36:00.002000+00:00,True,False,False,False,False,True,False,False,False,False,False,False,False,False,False,False,False,False,False,False,False,False,False,True,False,False,False,False,False,False,True,False
211WJZR,Data analyst (Analyste de données) H/F (H/F),LES MAITRES LAITIERS DU COTENTIN,Data Analyst,Autres régions,Hors Île-de-France,50,CDI,E,3 An(s),2026-07-30 08:29:55.937000+00:00,False,False,False,False,False,True,False,False,False,False,False,False,False,True,True,False,False,False,False,False,False,False,False,False,False,False,False,False,False,False,False,False
213SGQN,ANALYSTE DATA DROITS HUMAIN (H/F),DANONE,Data Analyst,Île-de-France,Île-de-France,75,CDD,E,"2 An(s) - Analyse données, pilotage performanc",2026-09-10 17:45:53.719000+00:00,False,False,False,False,False,True,True,True,False,False,False,False,False,False,False,False,False,False,False,False,False,False,False,True,False,False,False,False,False,True,False,True
214QXMT,Analyste de données pour la qualité des données H/F,CRIT INTERIM,Data Analyst,Autres régions,Hors Île-de-France,31,MIS,E,5 An(s),2026-10-01 11:52:49.995000+00:00,True,True,False,False,False,False,False,False,False,False,False,False,False,False,False,False,False,False,False,False,False,False,False,False,False,False,False,True,False,True,False,False
7624588,Data analyst (H/F),,Data Analyst,Île-de-France,Île-de-France,78,CDD,D,Débutant accepté,2026-10-03 11:04:15.811000+00:00,False,False,False,False,False,False,False,False,False,False,False,False,False,False,False,False,False,False,False,False,False,False,False,False,False,False,False,False,False,False,False,False
7624478,Data analyst (38971) (H/F),NAOS,Data Analyst,Autres régions,Hors Île-de-France,69,CDI,E,5 An(s),2026-10-03 10:03:04.328000+00:00,False,False,False,False,False,True,False,True,False,False,False,False,False,False,False,False,False,False,False,False,False,False,False,False,False,False,False,False,True,False,False,False
7624465,Data Analyst H/F,SCI Pro immo,Data Analyst,Autres régions,Hors Île-de-France,973,CDI,D,Débutant accepté,2026-10-03 10:02:57.847000+00:00,True,True,False,False,False,True,True,True,True,False,False,False,False,False,False,False,False,False,False,False,False,False,False,True,False,False,False,False,False,False,False,False
7624427,Data Analyst Pricing - Freelance (H/F),Collective.work,Data Analyst,Île-de-France,Île-de-France,75,LIB,D,Débutant accepté,2026-10-03 10:02:56.164000+00:00,True,True,False,False,False,False,True,False,False,False,False,False,False,False,False,False,True,False,False,False,True,False,True,True,False,False,False,False,False,True,False,False
7624350,Data Analyst - Client360 / Data Quality & Modeling (H/F) - Freelance,Collective.work,Data Analyst,Île-de-France,Île-de-France,75,LIB,D,Débutant accepté,2026-10-03 10:02:54.477000+00:00,True,True,False,False,False,True,False,False,False,False,False,False,False,True,False,False,False,False,False,False,False,False,False,False,False,False,False,False,False,False,False,False
7604308,Data Analyst Power BI H/F,JEMS,Data Analyst,Autres régions,Hors Île-de-France,69,CDI,E,Expérience exigée,2026-10-03 04:31:45.809000+00:00,True,True,False,False,False,True,False,False,False,False,False,False,False,False,False,False,False,False,False,False,False,False,False,False,False,False,False,False,False,True,False,False
7603358,Data analyst (H/F),SOCIETE AIR FRANCE,Data Analyst,Île-de-France,Île-de-France,95,CDI,D,Débutant accepté,2026-10-03 03:42:35.795000+00:00,True,True,False,False,False,True,False,False,False,False,False,False,False,False,False,False,False,False,False,False,False,False,False,False,True,False,False,False,False,True,False,True
7594992,Data Analyst H/F,Vorwerk,Data Analyst,Pays de la Loire,Hors Île-de-France,44,CDI,E,5 An(s),2026-10-02 14:33:57.744000+00:00,True,True,False,False,False,True,False,False,False,True,False,False,False,False,False,False,True,False,False,False,False,False,False,True,False,False,False,False,False,False,False,True
7587141,Alternance DATA ANALYST CRM & BUSINESS INTELLIGENCE - Guyancourt (H/F),ISCOD,Data Analyst,Île-de-France,Île-de-France,78,CDD,E,1 An(s),2026-10-02 11:21:46.249000+00:00,True,False,False,False,False,True,False,True,False,False,False,False,False,False,False,False,False,False,False,False,False,False,False,True,False,False,False,False,False,False,False,False
7586943,Data Analyst BI confirmé (H/F),KLANIK,Data Analyst,Autres régions,Hors Île-de-France,34,CDI,E,5 An(s),2026-10-02 11:21:36.793000+00:00,True,False,False,False,False,False,False,False,False,False,False,False,False,False,False,False,False,False,False,False,False,False,False,False,False,False,False,False,False,False,True,False
7586881,Data analyst SIG (H/F),Act Digital France,Data Analyst,Île-de-France,Île-de-France,75,CDI,E,2 An(s),2026-10-02 11:21:33.592000+00:00,True,False,False,False,False,True,False,False,False,False,False,False,False,False,False,True,False,False,False,True,False,False,False,False,False,False,False,False,True,False,True,True
7586411,Data Analyst BI - Private Equity - Freelance (H/F),Collective.work,Data Analyst,Île-de-France,Île-de-France,75,LIB,E,3 An(s),2026-10-02 10:03:04.786000+00:00,False,False,False,False,False,False,False,False,True,False,True,False,True,False,False,False,False,False,False,True,False,False,False,False,False,False,False,False,False,False,False,False
7576776,Data Analyst Commercial - Digital Product F/H,AIR FRANCE,Data Analyst,Île-de-France,Île-de-France,95,CDI,D,Débutant accepté,2026-10-02 07:13:07.619000+00:00,True,False,False,False,False,True,False,False,False,False,False,False,False,False,False,False,False,False,False,False,False,False,False,False,False,False,False,False,False,False,True,False
7553211,Data Analyst - Power BI / dbt - Freelance (H/F),Collective.work,Data Analyst,Île-de-France,Île-de-France,75,LIB,E,3 An(s),2026-10-01 10:04:32.167000+00:00,True,True,False,False,False,True,False,False,False,False,True,False,False,False,False,False,False,False,False,False,False,False,False,True,False,False,False,False,False,False,False,False
7553145,Data Analyst - Fiabilisation & Valorisation de la donnée technique - CDI (H/F),Collective.work,Data Analyst,Île-de-France,Île-de-France,75,CDI,D,Débutant accepté,2026-10-01 10:04:27.968000+00:00,True,False,False,False,False,True,False,False,True,False,False,False,False,False,False,False,False,False,False,True,False,False,False,False,False,False,False,False,False,False,False,True
7553137,Data Analyst / Data Quality Manager - CDI (H/F),Collective.work,Data Analyst,Île-de-France,Île-de-France,75,CDI,D,Débutant accepté,2026-10-01 10:04:27.439000+00:00,True,False,False,False,False,True,False,False,True,False,False,False,False,False,False,False,False,False,False,True,False,False,False,False,False,False,False,False,False,False,False,False
7535167,Revenue Data Analyst F/H,Fyte,Data Analyst,Île-de-France,Île-de-France,78,CDI,E,6 An(s),2026-10-01 00:33:28.938000+00:00,False,False,False,False,False,False,False,True,False,False,False,False,False,False,False,False,False,False,False,False,False,False,False,False,False,False,False,False,False,True,False,False
7514236,Data Analyst / Product Owner Data - Expérimenté - Freelance (H/F),Collective.work,Data Analyst,Île-de-France,Île-de-France,75,LIB,D,Débutant accepté,2026-09-30 10:02:59.177000+00:00,True,True,False,False,False,False,True,False,False,False,False,False,False,False,False,True,False,False,False,False,True,False,False,True,False,False,False,False,True,False,True,True
7514235,Data Analyst  - Freelance (H/F),Collective.work,Data Analyst,Île-de-France,Île-de-France,75,LIB,E,3 An(s),2026-09-30 10:02:59.189000+00:00,False,False,False,False,False,True,False,False,False,False,False,False,False,False,False,False,False,False,False,False,False,False,False,False,False,False,False,False,False,False,False,True
7514185,Proxy Product Owner Fraude / Data Analyst Power BI - Data & IA @ Banque @ Paris - Freelance (H/F),Collective.work,Data Analyst,Île-de-France,Île-de-France,75,LIB,D,Débutant accepté,2026-09-30 10:02:57.641000+00:00,False,False,False,False,False,True,False,False,False,False,False,False,False,False,False,True,False,False,False,False,False,False,False,False,False,False,False,False,False,False,False,False
7489713, Proxy Product Owner Fraude / Data Analyst Power BI - Data & IA - Freelance (H/F),Collective.work,Data Analyst,Île-de-France,Île-de-France,75,LIB,D,Débutant accepté,2026-09-29 10:03:01.807000+00:00,False,False,False,False,False,True,False,False,False,False,False,False,False,False,False,True,False,False,False,False,False,False,False,False,False,False,False,False,False,False,False,False
7489621,Data Analyst Marketing Digital - Freelance (H/F),Collective.work,Data Analyst,Île-de-France,Île-de-France,75,LIB,E,3 An(s),2026-09-29 10:02:58.672000+00:00,True,True,False,False,False,False,False,False,False,False,False,False,False,False,False,False,True,False,False,False,False,False,False,True,False,False,False,False,False,True,True,True
7431368,CRM et Data Analyst H/F,,Data Analyst,Autres régions,Hors Île-de-France,67,CDI,E,1 An(s),2026-09-26 22:17:40.532000+00:00,False,False,False,False,False,True,True,True,False,True,False,False,False,False,False,False,False,False,False,False,False,False,False,True,False,False,False,False,False,False,False,True
7422538,Mission Freelance - Data Analyst Technico-Fonctionnel (H/F),ZeTrace,Data Analyst,Autres régions,Hors Île-de-France,35,LIB,E,2 An(s),2026-09-26 11:21:39.710000+00:00,False,False,False,False,False,False,False,False,False,False,False,False,False,False,False,False,False,False,False,False,False,False,False,False,False,False,False,False,False,False,False,False
7421816,Data Analyst - Freelance (H/F),Collective.work,Data Analyst,Île-de-France,Île-de-France,94,LIB,D,Débutant accepté,2026-09-26 10:02:51.830000+00:00,True,True,False,False,False,False,False,False,False,False,False,False,False,False,False,False,False,False,False,False,True,False,False,True,False,False,True,False,False,False,False,False
7421721,Data Analyst Business Process & Data Quality - Pharma - Freelance (H/F),Collective.work,Data Analyst,Autres régions,Hors Île-de-France,69,LIB,D,Débutant accepté,2026-09-26 10:02:49.937000+00:00,True,True,False,False,False,True,False,True,False,False,False,False,False,False,True,False,False,False,False,False,False,False,False,False,False,False,False,False,True,True,True,False
7406840,Data Analyst - (H/F),Forums Talents Handicap,Data Analyst,Île-de-France,Île-de-France,93,MIS,D,Débutant accepté,2026-09-26 05:01:28.609000+00:00,False,False,False,False,False,False,True,False,False,False,False,False,False,False,False,False,False,False,False,False,False,False,False,True,False,False,False,False,False,True,True,False
7402743,Data analyst (H/F),SALES IN MOTION,Data Analyst,Île-de-France,Île-de-France,92,CDD,D,Débutant accepté,2026-09-26 03:27:01.471000+00:00,False,False,False,False,False,False,False,True,False,False,False,False,False,False,False,False,False,False,False,False,False,False,False,False,False,False,False,False,False,True,False,False
7379989,Senior Data Analyst Alteryx H/F - Freelance,Collective.work,Data Analyst,Île-de-France,Île-de-France,75,LIB,D,Débutant accepté,2026-09-25 10:03:10.723000+00:00,False,False,False,False,False,False,False,False,False,False,False,False,False,False,False,False,False,False,False,False,False,False,False,True,False,False,False,False,False,False,False,False
7379921,Data Analyst Pricing - Freelance (H/F),Collective.work,Data Analyst,Île-de-France,Île-de-France,75,LIB,E,4 An(s),2026-09-25 10:03:07.862000+00:00,True,True,False,False,False,False,True,False,False,False,True,False,False,False,False,False,True,False,False,False,True,False,True,True,False,False,False,False,False,True,False,False
7379902,Data Analyst expérimenté - Freelance (H/F),Collective.work,Data Analyst,Île-de-France,Île-de-France,75,LIB,D,Débutant accepté,2026-09-25 10:03:07.480000+00:00,True,False,False,False,False,False,False,False,False,False,False,False,False,False,False,False,False,False,False,True,False,False,False,True,False,False,False,False,False,False,False,False
7352452,Data Analyst Banque expérimenté (H/F),ALTECA,Data Analyst,Île-de-France,Île-de-France,75,CDI,D,Débutant accepté,2026-09-25 04:31:42.545000+00:00,False,True,True,False,False,True,False,False,False,False,False,True,False,False,False,False,False,False,False,False,False,False,False,False,False,False,False,False,False,False,True,False
7349932,Data analyst (H/F),ELIS,Data Analyst,Île-de-France,Île-de-France,92,CDI,E,6 An(s),2026-09-25 03:30:24.209000+00:00,False,False,False,False,False,True,False,False,False,False,False,False,False,False,True,False,False,False,False,False,False,False,False,True,False,False,False,False,False,False,True,False
7348015,Data analyst (H/F),,Data Analyst,Autres régions,Hors Île-de-France,33,CDI,E,3 An(s),2026-09-25 03:20:48.224000+00:00,False,False,False,False,False,False,False,False,False,False,False,False,False,False,False,False,False,False,False,False,False,False,False,False,False,False,False,False,False,False,False,False
7168308,Data analyst - CDD H/F,GAN ASSURANCES,Data Analyst,Île-de-France,Île-de-France,92,CDD,D,Débutant accepté,2026-09-24 14:34:19.171000+00:00,False,False,False,True,True,False,False,True,False,True,False,False,False,False,False,False,False,False,False,False,False,False,False,False,False,False,False,False,False,False,False,False
7165144,Alternance Data Analyst - - Paris (F/H),,Data Analyst,Île-de-France,Île-de-France,75,CDD,D,Débutant accepté,2026-09-24 12:16:29.055000+00:00,False,False,False,False,False,False,False,False,False,False,False,False,False,False,False,False,False,False,False,False,False,False,False,False,False,False,False,False,False,False,False,False
7165131,Alternance Data Analyst H/F - Plestan (F/H),,Data Analyst,Autres régions,Hors Île-de-France,22,CDD,D,Débutant accepté,2026-09-24 12:16:26.906000+00:00,False,False,False,False,False,False,False,False,False,False,False,False,False,True,False,False,False,False,False,False,False,False,False,False,False,False,False,False,False,False,False,False
7163085,Alternance Data Analyst - - Paris (H/F),ISCOD,Data Analyst,Île-de-France,Île-de-France,75,CDD,E,1 An(s),2026-09-24 11:22:03.417000+00:00,True,True,False,False,False,False,False,True,False,False,False,False,False,False,False,False,False,False,False,False,False,False,False,True,False,False,False,False,False,False,False,False
7163062,Alternance Data Analyst - Plestan (H/F),ISCOD,Data Analyst,Autres régions,Hors Île-de-France,22,CDD,E,1 An(s),2026-09-24 11:22:02.498000+00:00,True,False,False,False,False,True,False,False,False,False,False,False,False,True,False,False,False,False,False,False,False,False,False,False,False,False,False,False,True,False,False,False
7161882,Data Analyst - Freelance - Freelance (H/F),Collective.work,Data Analyst,Île-de-France,Île-de-France,75,LIB,D,Débutant accepté,2026-09-24 10:03:18.959000+00:00,False,False,False,False,False,False,False,False,False,False,False,False,False,False,False,False,False,False,False,True,False,False,False,False,False,False,False,False,False,False,False,False
7161844,Data Analyst / Business Analyst Amazon Connect (reporting centre de contact) - Freelance (H/F),Collective.work,Data Analyst,Île-de-France,Île-de-France,75,LIB,E,4 An(s),2026-09-24 10:03:18.271000+00:00,False,False,False,False,False,False,False,False,False,False,False,False,False,False,False,False,False,False,True,False,False,False,False,True,False,False,False,False,False,False,False,False
7161746,Data Analyst / reporting ESG - Freelance (H/F),Collective.work,Data Analyst,Île-de-France,Île-de-France,75,LIB,D,Débutant accepté,2026-09-24 10:03:13.723000+00:00,False,False,False,False,False,False,False,False,False,False,False,False,False,False,False,False,False,False,False,False,False,False,False,False,False,False,False,False,False,False,False,False
7155898,Data Analyst Sénior H/F,JEMS,Data Analyst,Île-de-France,Île-de-France,75,CDI,E,Expérience exigée,2026-09-24 04:31:51.257000+00:00,True,True,False,False,False,True,False,False,False,False,False,False,False,False,False,False,False,False,False,False,True,False,False,False,False,False,False,False,False,True,True,False
7136792,Stagiaire - Data Analyst (H/F),,Data Analyst,Autres régions,Hors Île-de-France,67,MIS,D,Débutant accepté,2026-09-23 12:19:56.291000+00:00,True,False,False,False,False,True,False,False,False,False,False,False,False,False,False,False,False,False,False,False,False,False,False,False,False,False,False,False,False,False,False,False
7112769,Data Analyst Achats (H/F) - Alternance,SOGITEC,Data Analyst,Île-de-France,Île-de-France,92,CDD,D,Débutant accepté,2026-09-23 04:32:33.359000+00:00,True,True,False,False,False,True,False,True,False,False,False,False,False,False,False,False,False,False,False,False,False,False,False,False,False,False,False,False,True,False,False,False
7093013,Data Analyst - Freelance (H/F),Collective.work,Data Analyst,Autres régions,Hors Île-de-France,13,LIB,E,3 An(s),2026-09-22 10:03:39.678000+00:00,True,True,False,False,False,True,False,True,False,False,False,False,False,False,False,False,False,False,False,False,False,False,False,False,False,False,False,False,False,True,False,False
7061059,Data Analyst H/F,MICHAEL PAGE ADVERTISING,Data Analyst,Île-de-France,Île-de-France,92,CDI,D,Débutant accepté,2026-09-21 15:21:55.668000+00:00,False,False,False,False,False,False,False,False,False,False,False,False,False,False,False,False,True,False,False,False,False,False,False,False,False,False,False,False,False,True,False,False
7061058,Data Analyst Confirmé (F/H),MICHAEL PAGE ADVERTISING,Data Analyst,Île-de-France,Île-de-France,92,CDI,E,Expérience exigée,2026-09-21 15:21:55.673000+00:00,True,True,False,False,False,False,False,True,False,False,False,False,False,False,False,False,True,False,False,False,False,False,False,False,False,False,False,False,False,False,False,False
7058148,Data Analyst H/F,Fab Group,Data Analyst,Autres régions,Hors Île-de-France,47,CDI,E,5 An(s),2026-09-21 14:37:10.753000+00:00,False,False,False,False,False,True,False,True,False,False,False,False,False,False,False,False,False,False,False,False,False,False,False,False,False,False,True,False,False,False,False,False
7054537,Zenith business data analyst finance (h/f) (H/F),,Data Analyst,Île-de-France,Île-de-France,78,CDI,D,Débutant accepté,2026-09-21 12:12:37+00:00,False,False,False,False,False,False,False,False,False,False,False,False,False,False,False,False,False,False,False,False,False,False,False,False,False,False,False,True,False,False,False,False
6986394,Data Analyst - Fraude & Business Intelligence (H/F),Red Hot Talents,Data Analyst,Autres régions,Hors Île-de-France,31,CDI,E,2 An(s),2026-09-18 11:21:31.048000+00:00,True,True,False,False,False,True,True,False,True,False,False,False,False,True,False,False,False,False,False,False,False,False,False,True,False,False,False,False,False,False,False,True
6985916,Data Analyst Senior  - Freelance (H/F),Collective.work,Data Analyst,Île-de-France,Île-de-France,75,LIB,D,Débutant accepté,2026-09-18 10:02:57.892000+00:00,False,False,False,False,False,True,False,False,False,False,False,False,False,False,False,True,False,False,False,False,False,False,False,False,False,False,False,False,False,False,False,True
6969740,Data analyst (H/F),,Data Analyst,Île-de-France,Île-de-France,75,CDI,E,3 An(s),2026-09-18 03:19:48.468000+00:00,False,True,False,False,False,False,False,False,False,False,False,False,False,False,False,False,False,False,False,False,False,False,False,True,False,False,False,False,False,False,False,True
6966283,Alternance Data Analyst - Saint-André-les-Vergers (F/H),,Data Analyst,Autres régions,Hors Île-de-France,10,CDD,D,Débutant accepté,2026-09-17 12:22:12.702000+00:00,False,False,False,False,False,False,False,False,False,False,False,False,False,False,False,False,False,False,False,False,False,False,False,False,False,False,False,False,False,False,False,False
6963912,Alternance Data Analyst - Saint-André-les-Vergers (H/F),ISCOD,Data Analyst,Autres régions,Hors Île-de-France,10,CDD,E,1 An(s),2026-09-17 11:21:59.809000+00:00,False,False,False,False,False,False,False,False,False,False,False,False,False,False,False,False,False,False,False,False,False,False,False,False,False,False,False,False,False,False,False,False
6961807,Data analyst SAS Senior - Freelance (H/F),Collective.work,Data Analyst,Île-de-France,Île-de-France,75,LIB,D,Débutant accepté,2026-09-17 10:02:35.901000+00:00,False,False,False,True,False,False,False,False,False,False,False,False,False,False,False,False,False,False,False,False,False,False,False,False,False,False,False,False,False,True,False,False
6927346,Data Analyst Bancaire - Freelance (H/F),Collective.work,Data Analyst,Autres régions,Hors Île-de-France,34,LIB,D,Débutant accepté,2026-09-16 10:02:27.112000+00:00,True,False,False,False,False,True,True,False,False,False,False,False,False,False,False,False,False,False,False,False,False,False,False,False,False,False,False,False,False,False,True,False
6900265,Chef(fe) de projets data & data analyst confirmé(e) H/F,,Data Analyst,Île-de-France,Île-de-France,75,CDI,D,Débutant accepté,2026-09-15 13:48:05.248000+00:00,False,False,False,False,False,False,False,False,False,False,False,False,False,True,False,False,False,False,False,False,False,False,False,False,False,False,False,False,False,False,True,False
6895202,Data Analyst - Expert Power BI - CDI (H/F),Collective.work,Data Analyst,Île-de-France,Île-de-France,92,CDI,D,Débutant accepté,2026-09-15 10:02:05.117000+00:00,False,False,False,False,False,True,False,False,False,False,False,False,False,False,False,False,False,False,False,False,False,False,False,False,False,False,False,False,False,False,False,False
6884108,Data Analyst Marketing & E-commerce (H/F),,Data Analyst,Île-de-France,Île-de-France,75,CDI,E,6 An(s),2026-09-15 09:39:38.350000+00:00,True,True,False,False,False,False,True,False,True,False,False,False,False,False,False,True,False,True,False,True,True,False,True,False,False,False,False,False,False,False,True,False
6882773,Data Analyst et Spécialiste Reporting (H/F),,Data Analyst,Île-de-France,Île-de-France,75,CDI,E,6 An(s),2026-09-15 09:35:48.833000+00:00,True,False,False,False,False,True,True,False,False,False,False,False,False,False,False,False,False,False,False,False,False,False,False,False,False,False,False,False,False,True,True,False
6882763,Consultant Data Analyst et Business Intelligence (H/F),,Data Analyst,Île-de-France,Île-de-France,75,CDI,E,11 An(s),2026-09-15 09:35:45.264000+00:00,True,False,False,False,False,True,False,False,False,False,False,False,False,False,False,False,False,False,False,False,False,False,False,False,False,False,False,False,False,True,True,False
6882580,Data analyst (H/F),,Data Analyst,Autres régions,Hors Île-de-France,13,CDI,E,6 An(s),2026-09-15 09:31:33.574000+00:00,True,True,False,False,False,True,False,False,False,False,True,False,False,False,False,True,False,False,False,True,False,False,False,True,False,False,False,False,False,False,False,False
6881935,Data analyst (H/F),,Data Analyst,Île-de-France,Île-de-France,75,CDI,E,3 An(s),2026-09-15 09:15:38.406000+00:00,True,True,False,False,False,True,False,False,False,False,False,False,False,False,False,False,False,False,False,False,False,False,False,True,False,False,False,False,False,False,True,True
6846888,Data Analyst Confirmé - Looker / LookML (H/F),,Data Analyst,Île-de-France,Île-de-France,92,MIS,D,Débutant accepté,2026-09-12 11:52:16.027000+00:00,False,False,False,False,False,False,False,False,True,False,False,False,False,False,False,False,False,False,False,False,False,False,False,False,False,False,False,False,False,False,False,False
6825632,Data analyst expérimenté - CDI (H/F),Collective.work,Data Analyst,Île-de-France,Île-de-France,91,CDI,D,Débutant accepté,2026-09-11 10:02:18.094000+00:00,True,False,False,False,False,True,True,False,True,False,False,False,False,False,False,True,False,False,False,True,False,False,False,True,False,False,False,False,False,True,False,True
6825518,Data Analyst E-commerce & Marketing H/F - CDI,Collective.work,Data Analyst,Île-de-France,Île-de-France,75,CDI,D,Débutant accepté,2026-09-11 10:02:14.571000+00:00,True,True,False,False,False,False,True,False,True,False,False,False,False,False,False,True,False,True,False,True,True,False,True,False,False,False,False,False,False,False,True,False
6825278,Développeur SAS / Data Analyst SAS - Freelance (H/F),Collective.work,Data Analyst,Autres régions,Hors Île-de-France,79,LIB,E,3 An(s),2026-09-11 10:02:03.654000+00:00,True,False,False,True,False,False,False,False,False,False,False,False,False,False,False,False,False,False,False,False,False,False,False,False,False,False,False,False,False,False,False,False
6825250,Data Analyst Confirmé (5 ans d'expérience minimum hors stage et alternance) - CDI (H/F),Collective.work,Data Analyst,Île-de-France,Île-de-France,75,CDI,D,Débutant accepté,2026-09-11 10:02:02.223000+00:00,False,True,False,False,False,False,False,False,False,False,False,False,False,False,False,False,False,False,False,False,False,False,False,False,False,False,False,False,False,False,False,False
6825182,Data Analyst - Freelance (H/F),Collective.work,Data Analyst,Île-de-France,Île-de-France,75,LIB,E,2 An(s),2026-09-11 10:02:00.535000+00:00,True,True,False,False,False,False,False,False,False,False,False,True,False,False,False,False,False,False,True,False,False,False,False,False,False,False,False,False,False,False,True,False
6825113,Data Analyst Retail - CDI (H/F),Collective.work,Data Analyst,Île-de-France,Île-de-France,75,CDI,D,Débutant accepté,2026-09-11 10:01:54.933000+00:00,True,True,False,False,False,False,True,False,True,False,False,False,False,False,False,False,False,True,False,True,True,False,False,False,False,False,False,False,False,False,True,True
6825096,Data Analyst Supply Chain - CDI (H/F),Collective.work,Data Analyst,Île-de-France,Île-de-France,75,CDI,D,Débutant accepté,2026-09-11 10:01:54.913000+00:00,True,True,False,False,False,False,True,False,True,False,False,False,False,False,False,False,False,True,False,True,True,False,False,False,False,False,False,False,True,False,True,False
6824998,Data Analyst Digital - Web Analyst (F/H) - Freelance,Collective.work,Data Analyst,Autres régions,Hors Île-de-France,34,LIB,D,Débutant accepté,2026-09-11 10:01:51.162000+00:00,True,False,False,False,False,True,True,True,False,False,False,False,False,False,False,False,False,False,False,False,False,False,False,False,False,False,False,False,False,False,False,False
6810463,Data analyst (H/F),L'IMMOBILIERE GROUPE CASINO,Data Analyst,Île-de-France,Île-de-France,94,CDI,E,3 An(s),2026-09-11 03:31:13.123000+00:00,True,True,False,False,False,True,True,False,False,False,False,True,False,True,True,False,False,True,True,False,True,True,True,True,True,False,True,False,False,False,False,False
6805997,Business / Data analyst senior F/H - ENTORIA,ENTORIA,Data Analyst,Île-de-France,Île-de-France,92,CDI,E,3 An(s),2026-09-10 21:16:13.581000+00:00,True,False,False,False,False,True,False,True,False,False,False,False,False,False,False,False,False,False,False,False,False,False,False,True,False,False,False,False,False,False,False,True
6805827,Data Analyst Overseas F/H - Qualitair&Sea,Qualitair&Sea,Data Analyst,Autres régions,Hors Île-de-France,13,CDI,E,1 An(s),2026-09-10 21:16:09.034000+00:00,False,False,False,False,False,True,True,True,False,False,False,False,False,False,False,False,False,False,False,False,False,False,False,False,False,False,False,False,False,False,False,False
6799647,Alternance Data Analyst Clients - - Paris (F/H),,Data Analyst,Île-de-France,Île-de-France,75,CDD,D,Débutant accepté,2026-09-10 12:29:03.895000+00:00,False,False,False,False,False,False,False,False,False,False,False,False,False,False,False,False,False,False,False,False,False,False,False,False,False,False,False,False,False,False,False,False
6776896,Contrôleur de gestion sociale & Data Analyst RH (H/F),UCPA,Data Analyst,Île-de-France,Île-de-France,94,CDD,E,5 An(s),2026-09-10 00:33:06.681000+00:00,True,True,False,False,True,True,True,True,False,False,False,False,False,False,False,False,False,False,False,False,False,False,False,False,False,False,False,False,False,False,False,True
6776527,DATA SCIENTIST ET ANALYST CONFIRMÉ F/H,CSTB,Data Scientist,Île-de-France,Île-de-France,77,CDI,E,2 An(s),2026-09-10 00:32:52.667000+00:00,True,True,False,False,False,False,False,False,False,False,True,True,False,False,False,False,False,False,False,False,True,False,False,True,True,True,False,False,False,False,False,False
6751921,Data Analyst (H/F),,Data Analyst,Autres régions,Hors Île-de-France,,CDI,E,Expérience exigée,2026-09-09 07:00:55.426000+00:00,False,True,False,False,False,True,False,False,False,False,False,False,True,False,False,False,False,True,False,False,False,True,True,False,True,False,False,False,False,False,False,False
6748181,Apprentissage Data Analyst supply risk management F/H,CIS bio international,Data Analyst,Île-de-France,Île-de-France,91,CDD,D,Débutant accepté,2026-09-09 04:31:49.720000+00:00,True,True,False,False,False,True,False,True,False,False,False,False,False,False,False,False,False,False,False,False,False,False,False,False,False,False,False,False,True,False,False,False
6738146,Data Analyst (F/H) h/f,,Data Analyst,Autres régions,Hors Île-de-France,13,CDI,E,Expérience exigée,2026-09-08 22:26:46.200000+00:00,True,False,False,False,False,True,False,False,False,False,False,False,False,False,False,False,False,False,False,False,False,False,False,True,False,False,False,False,False,False,False,False
6736123,CPAM des Yvelines - Data analyst (H/F),CPAM des Yvelines,Data Analyst,Île-de-France,Île-de-France,78,CDI,E,2 An(s),2026-09-08 21:19:21.039000+00:00,False,False,False,False,False,False,False,True,False,False,False,False,False,False,False,False,False,False,False,False,False,False,False,True,False,False,False,False,False,False,False,False
6698489,Data analyst H/F,AGPM,Data Analyst,Autres régions,Hors Île-de-France,13,CDI,E,5 An(s),2026-09-08 00:32:43.784000+00:00,True,True,False,False,False,True,False,False,False,False,False,False,False,False,False,False,False,False,False,False,False,False,False,False,False,False,False,False,False,False,False,False
6666347,Ingénieur Data Analyst / Business Analyst Data H/F,,Data Analyst,Autres régions,Hors Île-de-France,13,MIS,D,Débutant accepté,2026-09-05 11:53:03.325000+00:00,True,True,False,False,False,False,False,False,False,False,True,False,True,True,False,False,False,False,False,False,False,False,False,False,False,False,False,False,False,False,False,False
6634400,Data analyst (H/F),Gojob,Data Analyst,Autres régions,Hors Île-de-France,40,MIS,D,Débutant accepté,2026-09-04 17:31:47.650000+00:00,False,False,False,False,False,True,False,False,False,False,False,False,False,False,False,False,False,False,False,False,False,False,False,False,False,False,False,False,False,True,False,False
6596682,Data Analyst - Power BI H/F,JEMS,Data Analyst,Île-de-France,Île-de-France,92,CDI,E,Expérience exigée,2026-09-04 04:31:32.363000+00:00,True,False,False,False,False,True,False,False,False,False,False,False,False,False,True,False,True,False,False,False,False,False,False,False,False,False,False,False,False,True,False,False
6573669,Data Analyst Senior (H/F),DGTL Performance,Data Analyst,Île-de-France,Île-de-France,91,CDI,E,5 An(s),2026-09-03 11:21:43.051000+00:00,True,True,False,False,False,False,True,False,True,False,False,False,False,False,False,True,False,True,False,True,True,False,True,False,False,False,False,False,True,False,True,False
6573655,Data Analyst Product Owner (H/F),DGTL Performance,Data Analyst,Île-de-France,Île-de-France,91,CDI,E,5 An(s),2026-09-03 11:21:42.395000+00:00,True,True,False,False,False,False,True,False,False,False,False,False,False,False,False,True,False,False,False,False,True,False,False,True,False,False,False,False,True,False,True,True
6539072,Data Analyst Confirmé /Data Modeling H/F,JEMS,Data Analyst,Autres régions,Hors Île-de-France,69,CDI,E,Expérience exigée,2026-09-03 04:31:45.075000+00:00,True,False,False,False,False,False,False,False,False,False,True,False,False,False,True,False,False,False,False,False,False,False,False,False,False,False,False,False,False,True,False,False
6516692,Data analyst (H/F),,Data Analyst,Île-de-France,Île-de-France,92,CDI,D,Débutant accepté,2026-09-02 11:02:50.935000+00:00,False,False,False,False,False,False,False,False,False,False,False,False,False,False,False,False,False,False,False,False,False,False,False,False,False,False,False,False,False,False,False,False
6344763,"Alternance Data Analyst & Développeur SaaS (R, Python, Azure) - Puteaux (F/H)",,Data Analyst,Île-de-France,Île-de-France,92,CDD,D,Débutant accepté,2026-08-27 12:42:19.754000+00:00,False,True,True,False,False,False,False,False,False,False,False,False,False,False,False,False,False,True,False,False,False,False,False,False,False,False,False,False,True,False,False,False
6341936,Alternance Data Analyst - Paris (H/F),ISCOD,Data Analyst,Île-de-France,Île-de-France,75,CDD,E,1 An(s),2026-08-27 11:22:03.287000+00:00,True,True,False,False,False,False,True,False,False,False,False,False,False,False,False,False,False,False,False,False,False,False,False,False,False,False,False,False,False,False,False,False
6207908,Alternance Data Analyst H/F - Lyon,,Data Analyst,Autres régions,Hors Île-de-France,,CDD,D,Débutant accepté,2026-08-22 11:54:52.085000+00:00,False,False,False,False,False,True,False,False,False,True,False,False,False,False,False,False,False,False,False,False,False,False,False,False,False,False,False,False,False,False,False,False
6078799,(Alternance) Data Analyst H/F,,Data Analyst,Île-de-France,Île-de-France,92,CDD,D,Débutant accepté,2026-08-18 11:59:59.046000+00:00,False,False,False,False,False,False,False,False,False,False,False,False,False,False,False,False,False,False,False,False,False,False,False,False,True,False,False,False,False,False,False,False
5880211,Data Analyst confirmé F/H - IONIS Group,IONIS Group,Data Analyst,Île-de-France,Île-de-France,75,CDI,E,3 An(s),2026-08-10 21:15:17+00:00,True,True,False,False,False,True,True,False,False,False,False,False,False,False,False,True,False,False,False,False,False,False,False,True,False,False,False,False,False,False,True,False
5857533,DATA ANALYST - TEMPS PLEIN H/F,POK,Data Analyst,Autres régions,Hors Île-de-France,51,CDI,D,Débutant accepté,2026-08-09 01:02:02.645000+00:00,True,False,False,False,False,False,False,True,False,False,False,False,False,False,False,False,False,False,False,False,False,False,False,True,False,False,False,False,False,True,False,True
5830975,Data analyst (H/F),,Data Analyst,Île-de-France,Île-de-France,75,CDI,E,3 An(s),2026-08-08 03:20:39+00:00,True,True,True,False,False,False,False,False,False,True,False,False,False,False,False,False,False,False,False,False,False,True,False,True,False,False,False,False,False,False,False,False
5665901,"Data Analyst - Bordeaux, France (H/F)",,Data Analyst,Autres régions,Hors Île-de-France,08,CDI,D,Débutant accepté,2026-08-01 11:57:14.252000+00:00,True,True,True,False,False,True,False,False,False,False,False,False,False,False,False,False,False,False,False,False,False,False,False,True,False,False,False,False,False,True,False,False
5587028,DATA ANALYST GCP & LOOKER Senior (H/F),,Data Analyst,Île-de-France,Île-de-France,92,MIS,D,Débutant accepté,2026-07-30 12:01:35.865000+00:00,False,False,False,False,False,False,False,False,True,False,False,False,False,False,False,True,False,False,False,True,False,False,False,False,False,False,False,False,False,False,False,False
5340926,Data Analyst (H/F),,Data Analyst,Autres régions,Hors Île-de-France,972,CDI,D,Débutant accepté,2026-07-22 12:08:06+00:00,False,False,False,False,False,False,False,False,False,False,False,False,False,False,False,False,False,False,False,False,False,False,False,False,False,False,False,False,False,False,False,False
5202959,ASSISTANT DATA ANALYST - H/F,,Data Analyst,Île-de-France,Île-de-France,94,CDI,D,Débutant accepté,2026-07-21 12:09:02+00:00,True,False,False,False,False,False,True,False,False,False,False,False,False,False,False,True,False,False,False,True,False,False,False,False,False,False,False,False,False,False,False,False
5193283,Data analyst de la performance (H/F),ASSOCIATION IMC ALTERNANCE,Data Analyst,Île-de-France,Île-de-France,93,CDD,D,Débutant accepté,2026-07-21 05:30:51.787000+00:00,False,False,False,False,False,False,False,False,False,False,False,False,False,False,False,False,False,False,False,False,False,False,False,True,False,False,False,False,False,False,False,False
5133836,Compensation hr data analyst - f/h (H/F),,Data Analyst,Île-de-France,Île-de-France,78,CDI,D,Débutant accepté,2026-07-19 08:15:42+00:00,False,True,False,False,False,True,False,False,False,False,False,False,False,False,False,False,False,False,False,False,False,False,False,False,False,False,False,False,False,True,False,False
5006247,Data Analyst (H/F),SARL Biens Immo,Data Analyst,Autres régions,Hors Île-de-France,971,CDI,D,Débutant accepté,2026-07-15 21:00:53+00:00,True,True,False,False,False,True,True,True,False,False,False,False,False,False,False,False,False,False,False,False,False,False,False,True,False,False,False,False,False,False,False,True
3998900,Data analyst supply chain f/h (H/F),,Data Analyst,Autres régions,Hors Île-de-France,21,CDI,E,Expérience exigée,2026-06-19 08:15:41+00:00,False,False,False,False,False,False,False,False,False,False,False,False,False,False,False,False,False,False,False,False,False,False,False,True,False,False,False,False,True,False,False,False
3444184,Data analyst (H/F),NEW NET 3D,Data Analyst,Autres régions,Hors Île-de-France,33,CDI,D,Débutant accepté,2026-06-04 13:43:06+00:00,True,True,True,False,False,True,False,False,False,False,False,False,False,False,False,False,False,False,False,False,False,False,False,True,False,False,False,False,False,True,False,False
3219430,Data analyst (H/F),NEW NET 3D,Data Analyst,Île-de-France,Île-de-France,92,CDI,D,Débutant accepté,2026-05-30 07:48:01+00:00,False,False,False,False,False,True,True,False,False,False,False,False,False,False,False,False,True,False,False,False,False,False,False,False,False,False,False,False,False,False,False,True
7604315,Alternance Data Analyste CRM - (f/h) (H/F),Eckes-Granini France SNC,Data Analyst,Autres régions,Hors Île-de-France,71,CDD,D,Débutant accepté,2026-10-03 04:31:45.809000+00:00,False,False,False,False,False,True,False,True,False,False,False,False,False,False,False,False,False,False,False,False,False,False,False,True,False,False,False,True,False,True,False,False
7514261,Data Scientist - Expérimenté - Marseille - Freelance (H/F),Collective.work,Data Scientist,Autres régions,Hors Île-de-France,13,LIB,D,Débutant accepté,2026-09-30 10:02:59.762000+00:00,True,True,False,False,False,False,False,False,False,False,False,False,False,False,False,False,False,False,False,False,False,False,False,True,True,False,True,False,False,False,False,False
7395263,Data engineer (H/F),Actual Talent Grenoble IT,Data Engineer,Autres régions,Hors Île-de-France,74,MIS,E,2 An(s),2026-09-25 14:34:47.403000+00:00,True,False,False,False,False,False,False,False,False,False,False,False,False,False,False,False,False,False,False,False,True,False,False,False,False,False,False,False,False,False,True,True
7161782,Data Engineer - Freelance (H/F),Collective.work,Data Engineer,Autres régions,Hors Île-de-France,59,LIB,D,Débutant accepté,2026-09-24 10:03:15.936000+00:00,True,True,False,False,False,False,False,False,False,False,True,True,True,False,False,False,True,False,True,False,False,False,False,False,False,False,False,False,False,False,False,False
5880106,Data Engineer F/H - ENTORIA,ENTORIA,Data Engineer,Île-de-France,Île-de-France,92,CDI,E,3 An(s),2026-08-10 21:15:17+00:00,True,False,False,False,False,True,False,False,False,False,False,False,False,False,False,False,False,True,False,False,False,False,False,False,False,False,False,False,False,False,False,False
214HCRY,ANALYSTE DE DONNEES (H/F),LES INTERIMAIRES PROFESSIONNELS INDUSTRI,Data Analyst,Autres régions,Hors Île-de-France,57,MIS,E,2 An(s),2026-09-23 11:29:31.886000+00:00,False,False,False,False,False,False,False,True,False,False,False,False,False,False,False,False,False,False,False,False,False,False,False,False,False,False,False,False,False,False,False,False
213XMSS,Analyste de données senior en logistique H/F,CRIT INTERIM,Data Analyst,Autres régions,Hors Île-de-France,31,MIS,E,5 An(s),2026-09-15 16:37:50.356000+00:00,False,False,False,False,False,False,False,False,False,False,False,False,False,False,False,False,False,False,False,False,False,False,False,False,False,False,False,False,True,True,True,False
214RMRG,(ALTERNANCE) - Data Engineer (H/F),AUTOMOTIVE CELLS COMPANY SE,Data Engineer,Autres régions,Hors Île-de-France,62,CDD,E,1 An(s),2026-10-01 17:59:16.265000+00:00,True,True,False,False,False,True,False,False,False,False,False,False,False,False,False,False,False,False,False,False,False,False,False,True,False,False,False,False,False,True,False,False
214QPRD,Analyste décisionnel - Business Intelligence   (H/F),DCARTE ENGINEERING SA,Data Analyst,Autres régions,Hors Île-de-France,99,CDD,E,1 An(s),2026-10-01 09:28:12.120000+00:00,True,True,False,True,False,True,False,False,False,False,True,True,True,True,True,True,True,True,True,True,True,True,True,False,True,True,True,False,False,True,True,False
7555697,Analyste Données Sociales et Paie H/F,,Data Analyst,Autres régions,Hors Île-de-France,06,CDI,D,Débutant accepté,2026-10-01 12:11:41.653000+00:00,False,False,False,False,False,False,False,False,False,False,False,False,False,False,False,False,False,False,False,False,False,False,False,False,False,False,False,False,False,False,False,False
7166188,ANALYSTE DE DONNEES (H/F),,Data Analyst,Autres régions,Hors Île-de-France,57,MIS,D,Débutant accepté,2026-09-24 12:17:24.083000+00:00,False,False,False,False,False,False,False,False,False,False,False,False,False,False,False,False,False,False,False,False,False,False,False,False,False,False,False,False,False,False,False,False
6992303,Support Applicatif - Analyste Données SQL (Maintenance Industrielle) F/H,CTS Corporate,Data Analyst,Autres régions,Hors Île-de-France,83,CDI,E,5 An(s),2026-09-18 16:42:32.566000+00:00,True,False,False,False,False,False,False,False,False,False,False,False,False,True,False,False,False,False,False,False,False,False,False,False,False,False,False,False,False,False,False,False
6911233,Analyste de données Financières (H/F),FONCIA,Data Analyst,Île-de-France,Île-de-France,92,CDI,E,3 An(s),2026-09-16 03:22:30.480000+00:00,True,False,False,False,False,True,True,True,False,False,False,False,False,False,False,False,False,False,False,False,False,False,False,False,False,False,False,False,False,True,False,True
6145301,analyste données H/F - EC20112,CA BEZIERS MEDITERRANEE,Data Analyst,Autres régions,Hors Île-de-France,34,CDD,E,3 An(s),2026-08-20 14:20:14.925000+00:00,False,False,False,False,False,False,False,False,False,False,False,False,False,False,False,False,False,False,False,False,False,False,False,False,False,False,False,False,False,False,False,False
214FCRQ,Analyste décisionnel - Business Intelligence (H/F),AUBER TECH,Data Analyst,Île-de-France,Île-de-France,92,CDI,D,Débutant accepté,2026-09-21 18:25:02.083000+00:00,True,False,False,False,False,False,False,False,False,False,False,False,False,False,False,False,False,False,False,False,False,False,False,False,False,False,False,False,False,False,True,False
7011508,Ingénieur analyste décisionnel / BI (H/F),NEW NET 3D,Data Analyst,Île-de-France,Île-de-France,94,CDI,E,3 An(s),2026-09-19 03:28:04.417000+00:00,True,False,False,False,False,True,False,False,False,False,False,False,False,False,False,True,False,False,False,False,False,False,False,True,False,False,False,False,False,False,False,False
6806824,Power BI Analyst F/H,MATMUT,Data Analyst,Autres régions,Hors Île-de-France,76,CDI,E,5 An(s),2026-09-11 00:33:03.261000+00:00,True,False,False,False,False,True,True,False,False,True,False,False,False,False,False,False,False,False,False,False,False,False,False,False,False,False,False,False,False,False,False,False
209VCCG,Data Engineer (H/F),CIRIL GROUP,Data Engineer,Autres régions,Hors Île-de-France,69,CDI,E,3 An(s) - en gestion et architecture de donnée,2026-06-16 09:21:14.641000+00:00,False,True,False,False,False,True,False,False,False,True,False,False,False,True,True,True,False,False,False,False,True,True,False,False,False,False,False,False,False,False,True,False
5131291, Business Intelligence Analyst (H/F),,Data Analyst,Autres régions,Hors Île-de-France,57,CDI,E,Expérience exigée,2026-07-19 07:00:55.452000+00:00,True,False,False,True,False,False,False,False,False,False,False,False,False,False,False,False,False,False,False,False,False,False,False,True,True,False,False,False,False,False,False,False
4630614,Analyste décisionnel - Business Intelligence (H/F),ELKEM SILICONES FRANCE SAS,Data Analyst,Autres régions,Hors Île-de-France,69,CDD,D,Débutant accepté,2026-07-07 05:30:59+00:00,False,False,False,False,False,False,False,False,False,False,False,False,False,False,False,False,False,False,False,False,False,False,False,False,False,False,False,False,False,False,False,False
3646938,Analyste décisionnel - Business Intelligence (H/F),,Data Analyst,Autres régions,Hors Île-de-France,29,CDD,E,5 An(s),2026-06-10 11:02:12+00:00,False,False,False,False,False,True,False,False,False,False,False,False,False,False,False,False,False,False,False,False,False,False,False,False,False,False,False,False,False,False,False,False
6845663,Data Scientist & Analytics Specialist - Freelance (H/F),Collective.work,Data Scientist,Autres régions,Hors Île-de-France,59,LIB,E,4 An(s),2026-09-12 10:03:25.298000+00:00,True,True,False,False,False,False,False,False,True,False,True,False,False,False,False,True,False,False,False,True,True,False,True,False,False,False,False,False,False,True,False,True
214QWXD,Data Engineer Snowflake (H/F),CIORANE,Data Engineer,Île-de-France,Île-de-France,92,CDI,E,5 An(s),2026-10-01 11:40:36.508000+00:00,True,True,False,False,False,True,False,False,False,False,False,False,False,True,True,False,False,False,True,False,False,False,True,False,False,False,False,False,False,False,False,False
214PQYJ,Data Engineer (H/F),AMILTONE,Data Engineer,Autres régions,Hors Île-de-France,59,CDI,E,2 An(s),2026-09-30 11:29:54.573000+00:00,True,True,False,False,False,True,True,True,True,False,True,True,False,True,True,True,False,False,False,True,True,False,False,False,False,False,False,False,False,False,True,False
214MPQG,Data Scientist / AI Engineer (H/F),MY EASY FARM,Data Scientist,Autres régions,Hors Île-de-France,51,CDI,E,2 An(s),2026-09-28 16:23:20.988000+00:00,False,True,False,False,False,False,False,False,False,False,False,False,False,False,False,False,False,True,True,False,True,True,False,False,False,True,True,False,False,False,False,False
214LZHS,Data Engineer H/F (H/F),SUEZ DIGITAL SOLUTIONS,Data Engineer,Île-de-France,Île-de-France,78,CDI,E,2 An(s),2026-09-28 11:49:48.254000+00:00,True,True,False,False,False,False,False,False,False,False,False,True,False,True,False,False,True,True,True,True,True,True,True,False,False,False,False,False,False,False,True,False
214JKRL,Data Engineer (H/F),ECOCERT,Data Engineer,Autres régions,Hors Île-de-France,32,CDI,E,3 An(s),2026-09-24 11:31:09.739000+00:00,True,True,False,False,False,True,False,False,False,False,False,False,False,True,True,False,True,True,False,False,False,False,True,False,False,False,False,False,False,False,False,False
214HYLZ,Data Engineer (H/F),HOLENEK INGENIERIE,Data Engineer,Pays de la Loire,Hors Île-de-France,44,CDI,E,3 An(s),2026-09-23 22:03:17.482000+00:00,True,True,False,False,False,True,False,False,False,False,True,False,True,True,False,False,True,False,True,False,True,True,True,True,False,False,False,False,False,False,False,True
213ZPBR,Data Engineer - AI et Data (H/F) - Clermont-Ferrand (H/F),CIORANE,Data Engineer,Autres régions,Hors Île-de-France,63,CDD,E,2 An(s),2026-09-17 11:51:00.114000+00:00,False,True,False,False,False,False,False,False,False,False,False,False,False,False,False,False,True,False,False,False,False,False,False,False,False,False,False,False,False,True,False,False
213XHPP,Data Engineer GCP / PySpark / dbt (H/F),DATAMED RESEARCH,Data Engineer,Île-de-France,Île-de-France,78,CDI,E,3 An(s),2026-09-15 15:21:22.449000+00:00,True,True,False,False,False,False,False,False,False,False,True,True,True,False,False,True,False,False,False,True,True,False,True,False,False,False,False,False,False,False,False,False
213XBBV,Data Engineer (H/F),HOLENEK INGENIERIE,Data Engineer,Autres régions,Hors Île-de-France,56,CDI,E,4 An(s),2026-09-15 13:02:45.541000+00:00,True,False,False,False,False,False,False,False,False,False,False,True,False,True,False,False,False,False,False,False,True,False,False,False,False,False,False,False,False,False,True,True
213WZBW,Data Engineer (H/F),CLINPHONE LIMITED,Data Engineer,Île-de-France,Île-de-France,75,CDI,D,Débutant accepté,2026-09-15 12:15:38.947000+00:00,False,False,False,False,False,False,False,False,False,False,False,False,False,False,False,False,False,False,False,False,False,False,False,False,True,False,False,False,False,False,False,False
213WSHL,Data Engineer / (H/F),ECCO TECHNOLOGIES,Data Engineer,Autres régions,Hors Île-de-France,06,CDI,E,3 An(s) - Minimum 3 ans en DATA,2026-09-15 10:28:47.123000+00:00,False,True,False,False,False,False,False,False,False,False,False,False,False,False,False,True,False,False,False,True,True,False,False,False,True,False,False,False,False,True,False,False
213VNQD,Data Scientist / Machine Learning Engineer (H/F) - 2 postes,,Data Scientist,Autres régions,Hors Île-de-France,69,CDI,E,3 An(s),2026-09-14 13:44:23.990000+00:00,True,True,False,False,False,False,False,False,False,False,False,False,False,False,False,False,False,False,False,False,False,False,False,False,True,True,False,False,True,True,False,False
213PYBL,Ingénieur de données senior / Senior Data Engineer (H/F),DACHSER FRANCE,Data Engineer,Pays de la Loire,Hors Île-de-France,85,CDI,E,5 An(s),2026-09-09 10:04:36.056000+00:00,True,True,False,False,False,False,False,False,False,False,False,False,True,False,False,False,True,True,False,False,True,False,False,False,False,False,False,False,True,True,False,False
213NKNB,Data Engineer H/F (H/F),AQUILON BY MEOGROUP,Data Engineer,Autres régions,Hors Île-de-France,59,CDI,E,5 An(s),2026-09-08 09:50:20.734000+00:00,True,True,False,False,False,False,False,False,False,False,True,False,True,False,True,False,False,False,False,False,True,False,True,False,False,False,False,False,False,False,False,False
213JKCV,Data Engineer NETVIBES (H/F),4 IMPACT,Data Engineer,Île-de-France,Île-de-France,75,CDI,E,2 An(s),2026-09-03 14:18:01.696000+00:00,False,False,False,False,False,False,False,False,False,False,False,False,False,False,False,False,False,False,False,False,False,False,False,False,False,False,False,False,False,False,False,False
213BJJN,Cloud Data Engineer (F/H) (H/F),ARAMIS,Data Engineer,Île-de-France,Île-de-France,94,CDI,E,1 An(s),2026-08-28 09:50:23.726000+00:00,False,True,False,False,False,False,False,False,False,False,True,False,False,False,True,False,False,False,True,False,True,False,True,False,False,False,True,False,False,True,False,False
214QSLW,Analytics engineer (H/F),BRAIN LOGIC,Data Engineer,Île-de-France,Île-de-France,75,CDI,E,3 An(s),2026-10-01 10:33:12.874000+00:00,False,False,False,False,False,True,False,False,False,False,False,False,False,False,False,False,False,False,False,False,False,False,False,False,False,False,False,False,False,False,False,False
214GFCW,Responsable Data Engineering (H/F),WIVETIX SERVICES,Data Engineer,Autres régions,Hors Île-de-France,59,CDI,E,7 An(s),2026-09-22 15:22:04.618000+00:00,False,False,False,False,False,True,False,False,False,False,False,False,False,False,False,False,True,False,False,False,False,False,False,False,False,False,False,False,False,True,False,False
214QXHY,Data Scientist & Développeur IA - Digitalisation des processus (H/F),A3S,Data Scientist,Île-de-France,Île-de-France,94,CDI,D,Débutant accepté,2026-10-01 11:48:55.593000+00:00,True,True,False,False,False,True,False,True,False,False,False,False,False,False,False,False,False,False,False,False,False,True,False,False,True,False,False,False,False,False,False,False
7625167,Data engineer (H/F),AMILTONE,Data Engineer,Autres régions,Hors Île-de-France,69,CDI,E,2 An(s),2026-10-03 11:22:13.329000+00:00,True,True,False,False,False,True,True,True,False,False,False,False,False,True,True,False,False,False,False,True,False,False,False,False,False,False,False,False,False,False,True,False
7625084,Data engineer (H/F),AMILTONE,Data Engineer,Autres régions,Hors Île-de-France,59,CDI,E,2 An(s),2026-10-03 11:21:42.315000+00:00,True,True,False,False,False,True,True,True,False,False,False,False,False,True,True,False,False,False,False,True,False,False,False,False,False,False,False,False,False,False,True,False
7624600,Big data engineer (H/F),,Data Engineer,Autres régions,Hors Île-de-France,63,CDD,D,Débutant accepté,2026-10-03 11:04:16.601000+00:00,False,False,False,False,False,False,False,False,False,False,False,False,False,False,False,False,False,False,False,False,False,False,False,False,False,False,False,False,False,False,False,False
7624456,"Data engineer / infraOps senior - scalabilité, MLOps & infrastructure IA - Freelance (H/F)",Collective.work,Data Engineer,Île-de-France,Île-de-France,75,LIB,D,Débutant accepté,2026-10-03 10:02:57.046000+00:00,False,False,False,False,False,False,False,False,False,False,False,False,False,False,False,False,False,False,False,False,False,False,False,False,False,False,False,False,False,False,False,False
7624450,Analytics Engineer / Data Engineer - Freelance (H/F),Collective.work,Data Engineer,Île-de-France,Île-de-France,75,LIB,D,Débutant accepté,2026-10-03 10:02:57.044000+00:00,True,True,False,False,False,False,True,False,False,False,True,True,True,False,False,False,True,True,True,True,True,False,True,False,False,False,False,False,True,True,True,False
7624198,Data Engineer - StatMining / SQL / Traitements Data - Freelance (H/F),Collective.work,Data Engineer,Île-de-France,Île-de-France,75,LIB,E,3 An(s),2026-10-03 10:02:50.915000+00:00,True,False,False,False,False,False,False,False,False,False,False,False,False,False,False,False,False,False,False,False,False,False,False,False,False,False,False,False,False,False,False,False
7624190,Data Analytics Engineer - Freelance (H/F),Collective.work,Data Engineer,Autres régions,Hors Île-de-France,69,LIB,D,Débutant accepté,2026-10-03 10:02:50.479000+00:00,True,False,False,False,False,True,False,False,False,False,False,False,False,False,True,False,False,False,False,False,False,False,False,False,False,False,False,False,False,False,False,True
7590933,DevOps Data Engineer / Cloud Platform Engineer H/F,,Data Engineer,Autres régions,Hors Île-de-France,,MIS,D,Débutant accepté,2026-10-02 12:12:42.701000+00:00,False,False,False,False,False,False,False,False,False,False,False,False,False,False,False,False,True,False,True,False,False,False,True,False,False,False,False,False,False,False,True,False
7586445,Data Engineer - CDI (H/F),Collective.work,Data Engineer,Île-de-France,Île-de-France,75,CDI,D,Débutant accepté,2026-10-02 10:03:05.321000+00:00,True,True,False,False,False,True,False,False,False,False,False,False,False,True,False,False,True,False,False,False,False,False,False,False,False,False,True,False,False,True,False,False
7586410,Data Engineer / Analytics Engineer - Data Products Supply Chain - Freelance (H/F),Collective.work,Data Engineer,Île-de-France,Île-de-France,75,LIB,E,2 An(s),2026-10-02 10:03:04.786000+00:00,True,False,False,False,False,False,False,False,False,False,True,False,False,False,True,False,False,False,False,False,True,False,True,False,False,False,False,False,True,False,True,False
7586373,Data Engineer Microsoft Fabric - Freelance (H/F),Collective.work,Data Engineer,Île-de-France,Île-de-France,92,LIB,D,Débutant accepté,2026-10-02 10:03:01.348000+00:00,True,True,False,False,False,True,False,False,False,False,True,False,False,False,False,False,True,True,False,False,True,False,True,False,False,False,False,False,False,False,False,False
7586367,Data Engineer/infraOps - CDD - Freelance (H/F),Collective.work,Data Engineer,Île-de-France,Île-de-France,75,LIB,D,Débutant accepté,2026-10-02 10:03:00.952000+00:00,False,True,False,False,False,False,False,False,False,False,False,False,False,False,False,False,False,False,False,False,False,False,False,False,False,False,False,False,False,False,False,False
7586339,Lead Data Engineer - Freelance (H/F),Collective.work,Data Engineer,Autres régions,Hors Île-de-France,33,LIB,E,2 An(s),2026-10-02 10:02:58.319000+00:00,True,True,False,False,False,False,False,False,False,False,True,True,True,False,True,False,False,True,False,False,False,False,True,False,False,False,True,False,False,False,True,False
7572292,DATA ENGINEER / INTÉGRATION SI H/F,POTEZ AERONAUTIQUE,Data Engineer,Autres régions,Hors Île-de-France,40,CDI,D,Débutant accepté,2026-10-02 04:31:47.175000+00:00,True,True,False,False,False,True,False,False,False,False,False,False,False,True,False,False,False,True,False,False,False,False,True,False,False,False,False,False,False,True,False,False
7553277,Data Engineer Snowflake - Freelance (H/F),Collective.work,Data Engineer,Île-de-France,Île-de-France,92,LIB,D,Débutant accepté,2026-10-01 10:04:38.685000+00:00,True,True,False,False,False,True,False,False,False,False,False,False,False,True,True,False,False,False,True,False,False,False,True,False,False,False,False,False,False,False,False,False
7553255,Data Engineer - Freelance (H/F),Collective.work,Data Engineer,Île-de-France,Île-de-France,75,LIB,D,Débutant accepté,2026-10-01 10:04:35.911000+00:00,True,False,False,False,False,False,False,False,False,False,False,True,False,False,False,False,False,False,False,False,False,False,False,False,False,False,False,False,False,False,False,False
7553228,Développeur Data Engineer - Freelance (H/F),Collective.work,Data Engineer,Île-de-France,Île-de-France,75,LIB,E,2 An(s),2026-10-01 10:04:34.772000+00:00,True,True,False,False,False,False,False,False,False,False,True,False,True,False,True,False,False,False,False,False,True,False,True,False,False,False,False,False,False,True,False,False
7553186,Data Engineer Analytics - Snowflake / dbt - Expert Données Digitales & Marketing - Freelance (H/F),Collective.work,Data Engineer,Île-de-France,Île-de-France,75,LIB,E,2 An(s),2026-10-01 10:04:31.423000+00:00,False,False,False,False,False,False,False,False,False,True,True,False,False,False,True,False,False,False,False,False,False,False,False,False,False,False,False,False,False,False,False,False
7553154,Senior Data Engineer / Expert Dataplatform (GCP) - Freelance (H/F),Collective.work,Data Engineer,Autres régions,Hors Île-de-France,59,LIB,E,2 An(s),2026-10-01 10:04:28.527000+00:00,True,False,False,False,False,False,False,False,False,False,False,False,True,False,False,True,False,False,False,True,False,False,False,False,False,False,False,False,False,False,False,False
7553149,Data Engineer SQL / BigQuery - Run & Migration de plateforme data internationale - Freelance (H/F),Collective.work,Data Engineer,Autres régions,Hors Île-de-France,59,LIB,D,Débutant accepté,2026-10-01 10:04:28.526000+00:00,True,False,False,False,False,False,False,False,False,False,False,False,False,False,False,True,False,False,False,False,True,False,True,False,False,False,False,False,False,True,False,False
7553138,DATA ENGINEER - PGER GCP  - Freelance (H/F),Collective.work,Data Engineer,Île-de-France,Île-de-France,75,LIB,D,Débutant accepté,2026-10-01 10:04:27.431000+00:00,False,True,False,False,False,False,False,False,False,False,False,True,True,False,False,True,False,False,False,True,False,False,False,False,False,False,False,False,False,False,True,False
7553103,"Data Engineer Big Data / MLOps (Cloudera, Spark) - Banque - Freelance (H/F)",Collective.work,Data Engineer,Île-de-France,Île-de-France,75,LIB,E,4 An(s),2026-10-01 10:04:25.399000+00:00,False,True,False,False,False,False,False,False,False,False,False,True,True,False,False,False,False,False,False,False,True,False,False,False,False,True,False,False,False,False,False,False
7553088,Data Engineer GCP DBT  - Freelance (H/F),Collective.work,Data Engineer,Île-de-France,Île-de-France,75,LIB,D,Débutant accepté,2026-10-01 10:04:24.452000+00:00,True,True,False,False,False,False,False,False,False,False,True,False,True,False,False,True,False,False,False,True,True,False,True,False,False,False,False,False,False,False,False,False
7553046,Data Engineer junior - SSIS / SQL Serve - Marseille - CDI (H/F),Collective.work,Data Engineer,Autres régions,Hors Île-de-France,13,CDI,D,Débutant accepté,2026-10-01 10:04:11.704000+00:00,True,False,False,False,False,True,False,False,False,False,False,False,False,False,False,False,False,False,False,False,False,False,False,False,False,False,False,False,False,True,False,False
7553043,Data Engineer Databricks Junior  - CDI (H/F),Collective.work,Data Engineer,Île-de-France,Île-de-France,92,CDI,D,Débutant accepté,2026-10-01 10:04:07.072000+00:00,True,True,False,False,False,False,False,False,False,False,False,False,False,True,False,False,True,True,True,True,True,False,True,False,False,False,False,False,False,False,False,False
7552986,Data Engineer Starburst Infrastructure - Freelance (H/F) - Freelance,Collective.work,Data Engineer,Île-de-France,Île-de-France,75,LIB,D,Débutant accepté,2026-10-01 10:03:10.229000+00:00,True,False,False,False,False,False,False,False,False,False,True,True,False,False,False,False,False,False,False,False,True,True,True,False,False,False,False,False,False,False,False,True
7551787,Data engineer collecting and decoding of data for fleet data engineering f/h (H/F),,Data Engineer,Île-de-France,Île-de-France,77,CDI,E,Expérience exigée,2026-10-01 08:17:22.220000+00:00,False,True,False,False,False,True,False,False,False,False,False,False,False,False,False,False,False,False,False,False,False,False,False,False,True,False,True,False,False,False,False,False
7534352,Stage - Data Engineer  F/H h/f,,Data Engineer,Autres régions,Hors Île-de-France,31,CDI,E,Expérience exigée,2026-09-30 22:12:03.020000+00:00,False,False,False,False,False,False,False,False,False,False,False,False,False,False,True,False,True,True,False,True,False,False,False,False,False,False,False,False,False,True,False,False
7534343,Lead Data Engineer GCP F/H h/f,,Data Engineer,Île-de-France,Île-de-France,92,CDI,E,Expérience exigée,2026-09-30 22:12:02.426000+00:00,False,False,False,False,False,False,False,False,True,False,False,False,False,False,False,True,False,True,False,True,False,False,True,False,False,False,False,False,False,False,True,False
7532652,Data Science Engineer F/H,Siège de l'AP-HP,Data Scientist,Île-de-France,Île-de-France,75,CDD,E,2 An(s),2026-09-30 14:48:30.010000+00:00,False,True,False,False,False,False,False,False,False,False,False,False,False,False,False,False,False,False,False,False,True,False,False,True,True,False,False,False,False,False,False,False
7517795,Data Engineer Azure (F/H),,Data Engineer,Île-de-France,Île-de-France,94,CDI,D,Débutant accepté,2026-09-30 12:36:22.309000+00:00,False,False,False,False,False,False,False,False,False,False,False,False,False,False,False,False,False,True,False,False,False,False,False,False,False,False,False,False,False,False,False,False
7514295,Data Engineer GCP - Freelance (H/F),Collective.work,Data Engineer,Île-de-France,Île-de-France,75,LIB,D,Débutant accepté,2026-09-30 10:03:02.067000+00:00,False,True,False,False,False,False,False,False,False,False,False,True,False,False,False,True,False,False,False,True,False,False,False,False,True,False,False,False,False,False,False,False
7514181,Data Engineer Senior (H/F) - Freelance,Collective.work,Data Engineer,Île-de-France,Île-de-France,93,LIB,D,Débutant accepté,2026-09-30 10:02:57.658000+00:00,False,True,False,False,False,False,False,False,False,False,True,True,True,True,False,False,False,False,True,False,False,True,False,False,False,False,False,False,False,False,False,False
7498073,Data Engineer Azure H/F,Econocom,Data Engineer,Autres régions,Hors Île-de-France,67,CDI,E,Expérience exigée,2026-09-30 04:32:13.459000+00:00,True,True,False,False,False,True,False,False,False,False,False,False,False,False,False,False,True,True,False,False,False,False,False,False,False,False,False,False,False,False,False,False
7496082,Data Engineer Senior H/F,AKKODIS,Data Engineer,Autres régions,Hors Île-de-France,33,CDI,E,5 An(s),2026-09-30 00:32:53.971000+00:00,True,True,False,False,False,False,True,False,False,False,False,False,True,True,True,False,False,False,False,False,True,False,True,False,False,False,False,False,False,True,True,False
7490403,Data engineer (H/F),Act Digital France,Data Engineer,Île-de-France,Île-de-France,75,LIB,E,5 An(s),2026-09-29 11:21:51.274000+00:00,True,True,False,False,False,False,False,False,False,False,False,False,False,True,False,False,False,False,False,False,False,False,False,False,False,False,False,False,False,False,True,False
7489648,Data Engineer senior - Freelance (H/F),Collective.work,Data Engineer,Île-de-France,Île-de-France,91,LIB,D,Débutant accepté,2026-09-29 10:02:59.843000+00:00,True,True,False,False,False,False,False,False,False,False,True,False,True,True,False,True,False,False,False,True,False,False,True,False,False,False,False,False,False,False,False,False
7489607,Data Engineer Senior - Iceberg - Freelance (H/F),Collective.work,Data Engineer,Île-de-France,Île-de-France,75,LIB,D,Débutant accepté,2026-09-29 10:02:58.288000+00:00,False,True,False,False,False,False,False,False,False,False,True,True,True,True,False,False,False,False,True,False,False,True,False,False,False,False,False,False,False,False,False,False
7433614,Lead Data Engineer (H/F),DOMINO RH ACADEMY,Data Engineer,Île-de-France,Île-de-France,75,CDI,E,6 An(s),2026-09-27 03:26:28.533000+00:00,False,False,False,False,False,False,False,False,False,False,False,False,False,False,False,False,False,False,False,True,False,False,True,False,False,False,False,False,False,False,False,False
7425839,Data Engineer F/H,,Data Engineer,Île-de-France,Île-de-France,75,CDI,D,Débutant accepté,2026-09-26 12:03:20.455000+00:00,True,True,False,True,False,False,False,False,False,False,False,False,False,False,False,False,False,False,False,False,True,False,False,False,True,False,False,False,False,False,True,False
7423181,Data Engineer - Bureau d'études H/F,,Data Engineer,Autres régions,Hors Île-de-France,11,MIS,D,Débutant accepté,2026-09-26 12:00:47.118000+00:00,False,False,False,False,False,False,False,False,False,False,False,False,False,False,False,False,False,False,False,False,False,False,False,False,False,False,False,False,False,False,False,False
7421837,Data Engineer Big Data Senior - Freelance (H/F),Collective.work,Data Engineer,Île-de-France,Île-de-France,75,LIB,D,Débutant accepté,2026-09-26 10:03:21.966000+00:00,False,True,False,False,False,False,False,False,False,False,True,True,True,True,False,False,False,False,True,False,False,True,True,False,False,False,False,False,False,False,False,False
7421832,Freelance Data Engineer - Assurance - Freelance (H/F),Collective.work,Data Engineer,Île-de-France,Île-de-France,75,LIB,D,Débutant accepté,2026-09-26 10:03:21.978000+00:00,True,False,False,False,False,False,False,False,False,False,False,False,False,True,True,False,False,False,False,False,False,False,False,False,False,False,False,False,False,False,False,True
7421802,Data Engineer FinOps (F/H) - Freelance,Collective.work,Data Engineer,Île-de-France,Île-de-France,75,LIB,E,3 An(s),2026-09-26 10:02:51.831000+00:00,False,True,False,False,False,True,False,False,False,False,False,False,False,True,False,False,False,True,False,False,True,False,False,False,False,False,True,False,False,False,False,False
7421800,Data Engineer Senior PySpark / Accompagnement au changement - Freelance (H/F),Collective.work,Data Engineer,Île-de-France,Île-de-France,75,LIB,D,Débutant accepté,2026-09-26 10:02:51.832000+00:00,False,True,False,True,False,False,False,False,False,False,False,True,False,False,False,False,False,False,False,False,False,False,False,True,False,False,False,False,False,False,False,True
7421718,Tech lead Data Engineer - RAG - Information Retrieval avec pré-embauche - Freelance (H/F),Collective.work,Data Engineer,Île-de-France,Île-de-France,75,LIB,D,Débutant accepté,2026-09-26 10:02:49.519000+00:00,False,True,False,False,False,False,False,False,False,False,False,True,True,False,False,False,False,False,False,False,False,True,True,False,False,False,True,False,False,True,False,True
7420694,Senior data engineer f/h (H/F),,Data Engineer,Île-de-France,Île-de-France,78,CDI,D,Débutant accepté,2026-09-26 08:15:47.922000+00:00,False,True,False,False,False,False,False,False,False,False,False,False,False,False,False,False,False,False,False,False,False,False,True,False,False,False,False,False,False,False,False,False
7389469,Data Engineer Python / Lakehouse (H/F),,Data Engineer,Autres régions,Hors Île-de-France,,MIS,D,Débutant accepté,2026-09-25 12:26:16.459000+00:00,False,True,False,False,False,False,False,False,False,False,False,False,False,False,False,False,False,False,False,False,False,False,False,False,False,False,False,False,False,False,False,False
7381241,Data Engineer / Ingénieur Data & Big Data (H/F),Synanto,Data Engineer,Autres régions,Hors Île-de-France,69,CDI,E,5 An(s),2026-09-25 11:22:04.569000+00:00,True,True,False,True,True,True,False,False,False,False,False,True,False,False,False,False,False,False,False,False,True,False,False,False,False,False,False,False,False,False,True,True
7379968,Data Engineer GCP - Python / Spark - Risques Climatiques & Crédit  > 3a @ Paris - Freelance (H/F),Collective.work,Data Engineer,Île-de-France,Île-de-France,75,LIB,E,3 An(s),2026-09-25 10:03:10.725000+00:00,False,True,False,False,False,False,False,False,False,False,False,True,False,False,False,True,False,False,False,True,False,False,False,False,True,False,False,False,False,False,False,False
7379913,Data Engineer  - Freelance (H/F),Collective.work,Data Engineer,Autres régions,Hors Île-de-France,59,LIB,D,Débutant accepté,2026-09-25 10:03:07.869000+00:00,False,False,False,False,False,False,False,False,False,False,False,False,True,False,False,False,False,False,False,True,True,False,True,False,False,False,False,False,False,False,True,False
7379895,Data Engineer - Événementiel - Paris (H/F) - Freelance,Collective.work,Data Engineer,Île-de-France,Île-de-France,75,LIB,E,2 An(s),2026-09-25 10:03:07.482000+00:00,True,False,False,False,False,False,False,False,False,False,False,False,False,True,False,False,False,False,False,False,False,False,False,False,False,False,False,False,False,False,False,False
7348004,Lead Data Engineer (H/F),,Data Engineer,Autres régions,Hors Île-de-France,40,CDI,E,3 An(s),2026-09-25 03:20:46.257000+00:00,False,False,False,False,False,False,False,False,False,False,False,True,False,False,False,False,False,False,False,False,False,False,False,False,False,False,False,False,False,False,False,False
7345557,Cegedim - Data engineer (H/F),Cegedim,Data Engineer,Île-de-France,Île-de-France,92,CDI,E,5 An(s),2026-09-24 21:41:03.532000+00:00,True,True,False,False,False,False,False,False,False,False,False,False,True,True,False,False,False,False,False,False,True,True,True,False,False,False,False,False,False,False,False,False
7161926,Data Engineer Teradata - Secteur bancaire - Freelance (H/F),Collective.work,Data Engineer,Île-de-France,Île-de-France,75,LIB,D,Débutant accepté,2026-09-24 10:03:20.628000+00:00,True,True,False,False,False,False,False,False,False,False,False,False,False,True,False,False,False,False,False,False,True,False,False,False,False,False,False,False,False,False,False,False
7161911," AI Engineer / Data Scientist GenAI - RAG, LLM & Speech-to-Text - Freelance (H/F)",Collective.work,Data Scientist,Île-de-France,Île-de-France,75,LIB,D,Débutant accepté,2026-09-24 10:03:20.612000+00:00,False,True,False,False,False,False,False,False,False,False,False,False,False,False,False,False,False,False,False,False,False,False,True,False,False,False,True,False,False,False,False,False
7161743,Data Engineer - Freelance (H/F),Collective.work,Data Engineer,Autres régions,Hors Île-de-France,59,LIB,D,Débutant accepté,2026-09-24 10:03:13.737000+00:00,True,False,False,False,False,True,False,False,True,False,False,False,False,True,False,True,False,False,False,True,True,False,True,False,False,False,False,False,False,True,True,False
7160488,Data engineer aws / snowflake expérimenté-e f/h (H/F),,Data Engineer,Île-de-France,Île-de-France,78,CDI,E,Expérience exigée,2026-09-24 08:15:59.134000+00:00,False,False,False,False,False,False,False,False,False,False,False,False,False,False,True,False,False,False,True,False,False,False,False,False,False,False,False,False,True,False,False,False
7157103,Data Engineer Senior (H/F),Forums Talents Handicap,Data Engineer,Autres régions,Hors Île-de-France,59,CDI,E,5 An(s),2026-09-24 05:01:24.833000+00:00,False,False,False,False,False,False,False,False,False,False,False,False,False,False,False,False,False,False,False,False,False,False,False,False,True,False,False,False,False,False,False,False
7134463,"Data Engineer / Big Data (H/F) - Expert GCP, Kafka, Spark, Scala, Cassandra",,Data Engineer,Île-de-France,Île-de-France,92,MIS,D,Débutant accepté,2026-09-23 12:18:11.214000+00:00,False,False,False,False,False,False,False,False,False,False,False,True,False,False,False,True,False,False,False,True,False,False,False,False,False,False,False,False,False,False,False,False
7134457,Data Engineer (H/F),,Data Engineer,Autres régions,Hors Île-de-France,35,MIS,D,Débutant accepté,2026-09-23 12:18:11.209000+00:00,False,False,False,False,False,False,False,False,False,False,True,True,True,True,False,False,True,True,True,True,True,False,True,False,True,False,False,False,False,False,False,False
7132379,Alternance Data Engineer IA & Monitoring - Aix-en-Provence (H/F),ISCOD,Data Engineer,Autres régions,Hors Île-de-France,13,CDD,E,1 An(s),2026-09-23 11:25:59.825000+00:00,False,False,False,False,False,False,False,False,False,False,False,False,False,False,False,False,False,False,False,False,False,False,False,False,False,False,True,False,False,True,False,False
7132374,Data engineer (H/F),iPepper,Data Engineer,Île-de-France,Île-de-France,75,LIB,E,5 An(s),2026-09-23 11:25:59.825000+00:00,True,False,False,False,False,False,False,False,False,False,False,False,False,True,False,False,False,False,False,False,True,False,False,False,False,False,False,False,False,False,False,False
7126052,Data scientist / IA Engineer - Freelance (H/F),Collective.work,Data Scientist,Pays de la Loire,Hors Île-de-France,44,LIB,D,Débutant accepté,2026-09-23 10:03:05.370000+00:00,False,True,False,False,False,False,False,False,False,False,False,False,False,False,False,True,False,False,False,True,True,False,True,False,False,False,True,False,False,False,False,False
7126046,Data Engineer - Snowflake / dbt - Freelance (H/F),Collective.work,Data Engineer,Autres régions,Hors Île-de-France,33,LIB,D,Débutant accepté,2026-09-23 10:03:05.132000+00:00,False,False,False,False,False,False,False,False,False,False,True,False,False,False,True,False,False,False,False,False,True,False,True,False,False,False,False,False,False,False,True,False
7125996,Tech Lead Data Engineer - Python / GCP / BigQuery  - Freelance (H/F),Collective.work,Data Engineer,Île-de-France,Île-de-France,75,LIB,E,2 An(s),2026-09-23 10:03:03.504000+00:00,True,True,False,False,False,False,False,False,False,False,True,False,True,False,False,True,False,False,False,True,False,True,True,False,False,False,False,False,False,False,False,True
7125980,Data Engineer - Freelance (H/F),Collective.work,Data Engineer,Autres régions,Hors Île-de-France,06,LIB,D,Débutant accepté,2026-09-23 10:03:03.181000+00:00,False,False,False,False,False,False,False,False,False,False,False,False,False,False,False,False,False,False,False,True,False,False,False,False,False,False,False,False,False,False,False,False
7125974,Data Engineer Databricks (Confirmé à Senior)  - CDI (H/F),Collective.work,Data Engineer,Île-de-France,Île-de-France,75,CDI,E,2 An(s),2026-09-23 10:03:03.195000+00:00,True,True,False,False,False,False,False,False,False,False,True,True,False,False,True,False,True,False,False,False,True,False,True,False,False,False,False,False,False,False,False,False
7125952,Data Engineer - Freelance (H/F),Collective.work,Data Engineer,Pays de la Loire,Hors Île-de-France,44,LIB,D,Débutant accepté,2026-09-23 10:03:01.409000+00:00,True,True,False,False,False,False,False,False,False,False,False,False,False,True,False,True,False,False,False,True,False,False,True,False,False,False,False,False,False,False,False,False
7125937,Analytics Engineer - Data & BI - CDI (H/F),Collective.work,Data Engineer,Île-de-France,Île-de-France,75,CDI,D,Débutant accepté,2026-09-23 10:03:01.403000+00:00,True,True,False,False,False,True,False,True,False,False,False,False,False,False,False,False,True,True,False,False,False,False,False,True,False,False,False,False,False,False,False,False
7115387,Data Engineer AWS / Python H/F,O'BORNES AIX EN PROVENCE - IT,Data Engineer,Île-de-France,Île-de-France,75,CDI,E,Expérience exigée,2026-09-23 04:37:27.088000+00:00,True,True,False,False,False,True,False,False,False,False,False,False,False,True,False,False,False,False,True,False,False,False,False,False,False,False,False,False,False,True,False,False
7115186,Tech Lead Data Engineer H/F,JEMS,Data Engineer,Île-de-France,Île-de-France,92,CDI,E,Expérience exigée,2026-09-23 04:37:05.781000+00:00,True,True,False,False,False,False,False,False,False,False,False,False,False,False,False,False,False,True,True,True,True,False,True,False,False,False,False,False,False,False,False,False
7113013,Data Engineer Databricks H/F,JEMS,Data Engineer,Autres régions,Hors Île-de-France,69,CDI,E,Expérience exigée,2026-09-23 04:32:51.155000+00:00,True,True,False,False,False,True,False,False,False,False,False,False,False,False,False,False,True,True,False,False,True,False,True,False,False,False,False,False,False,False,False,False
7104361,CDI - Data Engineer F/H,AKKODIS,Data Engineer,Autres régions,Hors Île-de-France,83,CDI,E,2 An(s),2026-09-23 00:33:12.481000+00:00,True,True,False,False,False,False,False,False,False,False,False,False,False,True,False,False,False,False,False,False,True,False,False,False,False,False,False,False,False,True,True,False
7095009,Data Engineer - Plateforme Data Engineering H/F,,Data Engineer,Autres régions,Hors Île-de-France,13,MIS,D,Débutant accepté,2026-09-22 12:21:41.340000+00:00,False,False,False,False,False,False,False,False,False,False,False,False,False,False,False,False,False,False,False,False,False,False,False,False,False,False,False,True,False,False,False,False
7092876,Data Engineer Senior (Snowflake DBT) (H/F) - Freelance,Collective.work,Data Engineer,Île-de-France,Île-de-France,75,LIB,D,Débutant accepté,2026-09-22 10:03:08.409000+00:00,True,False,False,False,False,False,False,False,False,False,True,False,False,False,True,False,False,False,False,False,False,False,True,False,False,False,False,False,False,False,False,False
7092847,Data Engineer Teradata et Datavisualisation - Freelance (H/F),Collective.work,Data Engineer,Île-de-France,Île-de-France,94,LIB,E,3 An(s),2026-09-22 10:03:07.145000+00:00,True,True,False,True,False,False,False,False,False,False,False,False,False,True,False,False,False,False,False,False,True,False,False,False,False,False,False,False,False,False,True,False
7092837,Senior Data Engineer Databricks / PySpark - Freelance (H/F),Collective.work,Data Engineer,Autres régions,Hors Île-de-France,59,LIB,D,Débutant accepté,2026-09-22 10:03:07.148000+00:00,True,True,False,False,False,False,False,False,False,False,True,False,True,False,False,False,True,False,True,False,True,False,True,False,False,False,False,False,False,True,True,False
7062850,Lead data engineer H/F,,Data Engineer,Île-de-France,Île-de-France,93,CDI,E,5 An(s),2026-09-21 17:29:30.671000+00:00,False,False,False,False,False,False,False,False,False,False,False,False,False,False,False,False,False,False,False,False,False,False,False,False,False,False,False,False,False,False,False,False
7061046,Data Engineer H/F,MICHAEL PAGE ADVERTISING,Data Engineer,Île-de-France,Île-de-France,92,CDI,D,Débutant accepté,2026-09-21 15:21:52.082000+00:00,True,True,False,False,False,False,False,False,False,False,False,False,False,False,False,False,False,False,False,False,True,False,False,False,False,False,False,False,False,True,False,False
7030353,Data Engineer Snowflake - Freelance (H/F),Collective.work,Data Engineer,Île-de-France,Île-de-France,92,LIB,D,Débutant accepté,2026-09-19 10:03:25.478000+00:00,True,True,False,False,False,True,False,False,False,False,False,False,False,True,True,False,False,False,True,False,False,False,True,False,False,False,False,False,False,False,False,False
7030333,Data Engineer Sénior - Morphome - Freelance (H/F),Collective.work,Data Engineer,Île-de-France,Île-de-France,75,LIB,D,Débutant accepté,2026-09-19 10:03:25.476000+00:00,True,True,False,False,False,False,False,False,False,False,False,False,False,False,False,True,False,False,False,True,True,True,True,False,False,False,False,False,False,False,False,False
7006699,Data Engineer (H/F) - CDI,Link Consulting,Data Engineer,Autres régions,Hors Île-de-France,31,CDI,E,3 An(s),2026-09-18 21:00:49.271000+00:00,True,True,False,True,True,False,False,False,False,False,False,False,False,True,False,False,False,False,False,True,False,False,False,False,False,False,False,True,True,False,False,False
6995480,Data Engineer F/H,VIVERIS,Data Engineer,Autres régions,Hors Île-de-France,,CDI,E,1 An(s),2026-09-18 16:47:37.802000+00:00,True,True,False,False,False,False,False,False,False,False,False,True,False,True,True,True,True,True,True,True,False,False,False,False,False,False,False,False,False,True,False,False
6994628,Data engineer cloud confirmé H/F,DPD France,Data Engineer,Île-de-France,Île-de-France,77,CDI,E,2 An(s),2026-09-18 16:46:15.662000+00:00,True,True,False,False,False,True,False,False,False,False,True,False,True,True,False,False,False,False,False,True,True,False,True,False,False,False,False,False,False,False,False,False
6985878,Data Engineer Snowflake - Freelance (H/F),Collective.work,Data Engineer,Île-de-France,Île-de-France,92,LIB,D,Débutant accepté,2026-09-18 10:02:57.855000+00:00,False,False,False,False,False,False,False,False,False,False,False,False,False,True,True,False,False,False,False,False,False,False,False,False,False,False,False,False,False,False,False,False
6985774,Tech Lead Data Engineer GCP-N2 Expérimenté - CDI (H/F),Collective.work,Data Engineer,Île-de-France,Île-de-France,75,CDI,D,Débutant accepté,2026-09-18 10:02:25.041000+00:00,False,True,False,False,False,False,False,False,False,False,False,True,False,False,False,True,False,False,False,True,False,False,False,False,False,False,False,False,False,False,False,False
6961806,Data Engineer Big Data (F/H) - Freelance,Collective.work,Data Engineer,Île-de-France,Île-de-France,75,LIB,D,Débutant accepté,2026-09-17 10:02:35.898000+00:00,True,False,False,False,False,False,False,False,False,False,False,True,False,False,False,False,False,False,False,False,True,False,True,False,False,False,False,False,False,False,True,True
6933002,Data Engineer Expérimenté - SI R&D (F/H),,Data Engineer,Île-de-France,Île-de-France,78,CDI,D,Débutant accepté,2026-09-16 12:47:17.644000+00:00,True,True,False,False,False,False,False,False,False,False,True,True,True,False,True,True,False,True,True,True,False,False,False,False,False,False,True,False,False,True,False,False
6928219,DATA ENGINEER (SPARK/SCALA/JAVA) (H/F),O2MAX,Data Engineer,Autres régions,Hors Île-de-France,69,CDI,E,5 An(s),2026-09-16 11:22:45.903000+00:00,True,False,False,False,False,False,False,False,False,False,False,True,False,False,False,False,False,False,False,False,False,False,False,False,False,False,False,False,False,False,False,False
6927339,Data Engineer Freelance - GCP/BigQuery/dbt - Plateforme Data d'un acteur du luxe - Freelance (H/F),Collective.work,Data Engineer,Île-de-France,Île-de-France,75,LIB,D,Débutant accepté,2026-09-16 10:02:27.111000+00:00,True,True,False,False,False,False,False,False,True,False,True,False,False,False,False,True,False,False,False,True,True,False,True,False,False,False,False,False,False,False,False,False
6907642,CARSAT Hauts de France - Data engineer (H/F),CARSAT Hauts de France,Data Engineer,Autres régions,Hors Île-de-France,59,CDI,E,5 An(s),2026-09-15 21:19:27.917000+00:00,True,True,False,False,False,True,False,False,False,False,True,False,False,True,False,False,False,False,False,False,True,False,True,False,False,False,False,True,False,False,False,False
6907229,Data Engineer (H/F),,Data Engineer,Autres régions,Hors Île-de-France,13,CDI,D,Débutant accepté,2026-09-15 18:07:05.095000+00:00,False,False,False,False,False,False,False,False,False,False,False,False,False,True,False,False,False,False,False,False,False,False,True,True,False,False,False,False,False,False,False,False
6895576,DATA ENGINEER (H/F),RS2i,Data Engineer,Île-de-France,Île-de-France,92,CDI,E,2 An(s),2026-09-15 11:21:38.125000+00:00,False,True,False,False,False,False,False,False,False,False,False,False,False,False,False,False,False,False,False,False,False,False,False,False,False,False,False,False,False,False,True,False
6895272,Lead Data Engineer / Lead Dev BI & Data (H/F° - CDI,Collective.work,Data Engineer,Île-de-France,Île-de-France,75,CDI,D,Débutant accepté,2026-09-15 10:02:07.469000+00:00,True,True,False,False,False,True,False,False,False,False,False,True,True,False,False,False,True,False,False,False,False,False,False,False,False,False,False,False,False,True,True,False
6895269,Data Engineer Palantir Foundry (Python / PySpark) - Freelance - Île-de-France - Freelance (H/F),Collective.work,Data Engineer,Île-de-France,Île-de-France,75,LIB,D,Débutant accepté,2026-09-15 10:02:07.371000+00:00,False,True,False,False,False,False,False,False,False,False,False,False,False,False,False,False,False,False,False,False,True,False,False,False,False,False,False,False,False,True,True,False
6895227,Solutions Engineer / Data Engineer Senior - Azure & Databricks - Freelance (H/F),Collective.work,Data Engineer,Île-de-France,Île-de-France,75,LIB,D,Débutant accepté,2026-09-15 10:02:06.657000+00:00,True,True,False,False,False,False,False,False,False,False,False,False,False,False,False,False,True,True,False,False,False,False,True,False,False,False,False,False,False,True,False,False
6895104,Data Engineer Streaming (Java / Kafka Stream / Spark) H/F  - CDI,Collective.work,Data Engineer,Île-de-France,Île-de-France,75,CDI,D,Débutant accepté,2026-09-15 10:02:00.194000+00:00,False,False,False,False,False,False,False,False,False,False,False,True,True,True,False,True,False,False,False,False,True,False,True,False,False,False,False,False,False,False,True,False
6895020,Senior Data Engineer Microsoft Fabric / DBT / SQL - Freelance (H/F)  - Freelance,Collective.work,Data Engineer,Île-de-France,Île-de-France,75,LIB,D,Débutant accepté,2026-09-15 10:01:58.380000+00:00,True,True,False,False,False,True,False,False,False,False,True,False,False,False,False,False,False,True,False,False,True,False,True,False,False,False,False,False,False,False,False,False
6846861,Data Engineer GCP (F/H),,Data Engineer,Autres régions,Hors Île-de-France,81,MIS,D,Débutant accepté,2026-09-12 11:52:15.024000+00:00,False,False,False,False,False,False,False,False,False,False,False,False,True,True,False,True,False,False,False,True,False,False,True,False,False,False,False,False,False,False,False,False
6825871,Data Engineer Python Sénior - Freelance (H/F),Collective.work,Data Engineer,Île-de-France,Île-de-France,91,LIB,D,Débutant accepté,2026-09-11 10:02:29.700000+00:00,True,True,False,False,False,False,False,False,False,False,False,False,True,False,False,True,False,False,False,True,True,False,True,False,False,False,False,False,True,False,True,False
6825747,Data Engineer Databricks confirmé - CDI (H/F),Collective.work,Data Engineer,Autres régions,Hors Île-de-France,69,CDI,E,2 An(s),2026-09-11 10:02:24.110000+00:00,True,True,False,False,False,False,False,False,False,False,False,True,False,False,False,False,True,True,True,True,True,False,True,False,False,False,False,False,False,False,True,True
6825504,Analytics Engineer - Data Enablement / Lille (Roubaix) - Freelance (H/F),Collective.work,Data Engineer,Autres régions,Hors Île-de-France,59,LIB,E,2 An(s),2026-09-11 10:02:13.687000+00:00,False,False,False,False,False,False,False,False,False,False,True,False,True,False,True,True,False,False,False,False,True,False,False,False,False,False,False,False,False,False,False,True
6825493,Data Engineer Big Data (BigQuery / dbt / Airflow) H/F  - CDI,Collective.work,Data Engineer,Île-de-France,Île-de-France,75,CDI,D,Débutant accepté,2026-09-11 10:02:13.668000+00:00,True,False,False,False,False,False,False,False,False,False,True,False,True,True,False,True,False,False,False,True,True,False,True,False,False,False,False,False,False,False,True,False
6825465,Data Engineer Databricks Confirmé - CDI (H/F),Collective.work,Data Engineer,Île-de-France,Île-de-France,75,CDI,E,2 An(s),2026-09-11 10:02:12.362000+00:00,True,True,False,False,False,False,False,False,False,False,False,True,False,False,False,False,True,False,False,False,True,False,False,False,False,False,False,False,False,False,False,False
6825440,Data Engineer Databricks / AWS / Spark (H/F) - Paris/Lille - CDI,Collective.work,Data Engineer,Île-de-France,Île-de-France,75,CDI,E,4 An(s),2026-09-11 10:02:10.845000+00:00,True,True,False,False,False,False,False,False,False,False,False,True,False,False,False,False,True,True,True,False,True,True,True,False,False,False,False,False,False,False,True,False
6825375,Data Engineer Nifi ou Airflow - Freelance (H/F),Collective.work,Data Engineer,Autres régions,Hors Île-de-France,69,LIB,D,Débutant accepté,2026-09-11 10:02:06.413000+00:00,True,True,False,False,False,False,False,False,False,False,False,False,True,True,False,False,False,False,False,False,False,False,False,False,False,False,False,False,False,False,False,False
6825329,Data Engineer Databricks Lyon - CDI (H/F),Collective.work,Data Engineer,Autres régions,Hors Île-de-France,69,CDI,D,Débutant accepté,2026-09-11 10:02:05.760000+00:00,True,True,False,False,False,False,False,False,False,False,False,True,False,False,False,False,True,False,False,False,True,False,False,False,False,False,False,False,False,False,False,False
6825320,Senior Data Engineer - CDI (H/F),Collective.work,Data Engineer,Île-de-France,Île-de-France,75,CDI,D,Débutant accepté,2026-09-11 10:02:05.702000+00:00,False,True,False,False,False,False,False,False,False,False,False,False,False,True,False,False,False,False,False,False,False,False,False,False,False,False,False,False,True,True,False,False
6825158,Data Engineer Senior - Freelance (H/F),Collective.work,Data Engineer,Île-de-France,Île-de-France,75,LIB,D,Débutant accepté,2026-09-11 10:01:58.544000+00:00,True,True,False,False,False,False,False,False,False,False,False,True,False,True,False,False,False,False,True,False,True,False,True,False,True,False,True,False,False,False,False,False
6738143,Data Engineer Confirmé (Cloud Azure) F/H h/f,,Data Engineer,Autres régions,Hors Île-de-France,31,CDI,E,Expérience exigée,2026-09-08 22:26:45.195000+00:00,True,False,False,False,False,False,False,False,False,False,False,True,False,False,False,False,True,True,False,False,False,False,False,False,False,False,False,False,False,False,False,False
6727806,INGÉNIEUR DATA - DATA ENGINEER (H/F),K?ryo RH,Data Engineer,Autres régions,Hors Île-de-France,67,CDI,E,2 An(s),2026-09-08 11:22:07.647000+00:00,True,False,False,False,False,False,False,False,False,False,False,False,False,False,False,False,False,True,False,False,False,False,False,False,False,False,False,False,False,False,False,False
6692738,Lead Data Engineer - HealthTech / IA (H/F),Les Colettes Sourcing,Data Engineer,Île-de-France,Île-de-France,75,CDI,E,5 An(s),2026-09-07 11:21:44.195000+00:00,False,True,False,False,False,False,False,False,False,False,False,False,True,True,False,False,False,False,False,False,True,False,True,False,False,False,False,False,False,False,False,False
6692714,Data Engineer (H/F),IPPON Technologies,Data Engineer,Autres régions,Hors Île-de-France,33,CDI,E,5 An(s),2026-09-07 11:21:42.343000+00:00,True,True,False,False,False,False,False,False,False,False,True,True,False,True,True,True,True,False,False,False,False,False,False,False,True,False,True,False,False,False,False,False
6588843,Consultant.e Data Engineer Microsoft Fabric F/H - Valoway,Valoway,Data Engineer,Autres régions,Hors Île-de-France,79,CDI,E,5 An(s),2026-09-03 21:16:13.831000+00:00,True,True,False,False,False,True,False,False,False,False,False,False,False,True,False,True,False,True,False,False,False,False,False,False,False,False,False,False,False,False,True,True
6588835,Consultant.e Data Engineer Microsoft Fabric F/H - Valoway,Valoway,Data Engineer,Île-de-France,Île-de-France,75,CDI,E,5 An(s),2026-09-03 21:16:12.977000+00:00,True,True,False,False,False,True,False,False,False,False,False,False,False,True,False,True,False,True,False,False,False,False,False,False,False,False,False,False,False,False,True,True
6574111,Data Engineer - Azure (H/F),O2MAX,Data Engineer,Autres régions,Hors Île-de-France,69,CDI,E,5 An(s),2026-09-03 11:22:01.707000+00:00,True,False,False,False,False,False,False,False,False,False,False,False,False,False,False,False,True,True,False,False,True,False,True,False,False,False,False,False,False,True,False,False
6539035,Data engineer Senior Microsoft Lyon H/F,EXPERTIME,Data Engineer,Autres régions,Hors Île-de-France,69,CDI,D,Débutant accepté,2026-09-03 04:31:42.962000+00:00,True,True,False,False,False,True,False,False,False,False,False,False,False,True,False,False,False,True,False,False,False,False,False,False,True,False,False,False,False,True,True,True
6500132,Data Engineer Confirmé (Cloud GCP) F/H h/f,,Data Engineer,Autres régions,Hors Île-de-France,31,CDI,E,Expérience exigée,2026-09-01 22:25:43.843000+00:00,False,False,False,False,False,False,False,False,True,False,False,True,False,False,False,True,False,False,False,True,False,False,False,False,False,False,False,False,False,False,True,False
6500123,Data Engineer (Cloud Snowflake) - Confirmé h/f (H/F),,Data Engineer,Île-de-France,Île-de-France,92,CDI,E,Expérience exigée,2026-09-01 22:25:43.057000+00:00,False,True,False,False,False,False,False,False,False,False,True,True,True,False,True,False,False,True,False,True,False,False,True,False,False,False,False,False,False,False,True,False
6492720,Senior data engineer - aws (h/f) (H/F),,Data Engineer,Autres régions,Hors Île-de-France,,CDI,E,Expérience exigée,2026-09-01 08:16:00.739000+00:00,False,False,False,False,False,False,False,False,False,False,False,False,False,True,False,False,False,False,True,False,False,False,False,False,False,False,True,False,False,False,False,False
6380064,Data engineer (H/F),,Data Engineer,Autres régions,Hors Île-de-France,69,CDI,D,Débutant accepté,2026-08-28 11:04:30.300000+00:00,False,False,False,False,False,False,False,False,False,False,False,False,False,False,False,False,False,False,False,False,False,False,False,False,False,False,False,False,False,False,False,False
6341937,Alternance Data Scientist/ IA Engineer - Paris (H/F),ISCOD,Data Scientist,Île-de-France,Île-de-France,75,CDD,E,1 An(s),2026-08-27 11:22:03.287000+00:00,True,True,False,False,False,False,False,False,False,False,False,False,False,False,False,False,False,False,True,True,False,True,False,True,True,False,False,False,False,False,False,False
6284052,Consultant(e) Data Engineer Industriel Sénior H/F,Mercato de l'emploi,Data Engineer,Île-de-France,Île-de-France,77,CDI,E,Expérience exigée,2026-08-26 04:32:29.642000+00:00,False,False,False,False,False,False,False,False,False,False,False,False,False,False,False,False,False,False,False,False,False,False,False,False,False,False,False,False,False,False,False,False
6277738,Data Engineer (Cloud GCP) - Confirmé F/H h/f,,Data Engineer,Île-de-France,Île-de-France,92,CDI,E,Expérience exigée,2026-08-25 22:25:41.106000+00:00,False,False,False,False,False,False,False,False,True,False,False,True,False,False,False,True,False,False,False,True,False,False,False,False,False,False,False,False,False,False,True,False
5940839,Data engineer H/F,Externatic,Data Engineer,Pays de la Loire,Hors Île-de-France,49,CDI,E,5 An(s),2026-08-12 23:01:17.037000+00:00,True,True,False,False,False,False,False,False,False,False,False,False,True,False,False,False,True,True,False,False,True,False,False,False,False,False,False,False,True,True,False,False
5793136,Data Engineer - Automobile et véhicules industriels - H/F,skaelia,Data Engineer,Autres régions,Hors Île-de-France,35,CDI,E,3 An(s),2026-08-06 23:01:15+00:00,True,True,False,False,False,True,False,False,False,False,True,False,False,False,True,False,False,False,False,False,False,False,False,False,False,False,False,False,False,False,False,False
5793037,Data Engineer GCP - DBT (H/F) h/f,,Data Engineer,Île-de-France,Île-de-France,75,CDI,E,Expérience exigée,2026-08-06 22:26:49.726000+00:00,True,True,False,False,False,False,False,False,False,False,True,False,True,True,False,True,False,False,False,True,True,False,True,False,False,False,False,False,False,False,False,False
5707600,Consultant.e Data Engineer Microsoft Fabric F/H - Valoway,Valoway,Data Engineer,Pays de la Loire,Hors Île-de-France,44,CDI,E,5 An(s),2026-08-05 12:53:58+00:00,True,True,False,False,False,True,False,False,False,False,False,False,False,True,False,True,False,True,False,False,False,False,False,False,False,False,False,False,False,False,True,True
5660633,Data Engineer BI H/F,,Data Engineer,Autres régions,Hors Île-de-France,29,CDI,D,Débutant accepté,2026-08-01 11:53:28.372000+00:00,True,False,False,False,False,True,False,False,False,False,False,False,False,True,False,False,False,False,False,False,False,False,False,False,False,False,False,True,False,False,False,True
5594374,Data Engineer - remote - Client final Sud-Ouest (F/H),Externatic,Data Engineer,Autres régions,Hors Île-de-France,24,CDI,E,3 An(s),2026-07-30 23:01:27+00:00,True,True,False,False,False,False,False,False,False,False,False,False,False,False,True,True,False,False,False,False,True,False,False,False,False,False,True,True,True,False,False,False
5462392,Senior Data engineer Databricks H/F,,Data Engineer,Autres régions,Hors Île-de-France,59,MIS,D,Débutant accepté,2026-07-25 11:50:57+00:00,False,False,False,False,False,False,False,False,False,False,False,False,False,False,False,False,True,False,False,False,False,False,False,False,False,False,False,False,False,False,True,False
5337092,Data engineer  data industrielle f/h (H/F),,Data Engineer,Île-de-France,Île-de-France,92,CDI,E,Expérience exigée,2026-07-22 08:15:44+00:00,True,False,False,False,False,True,False,False,False,False,False,False,False,False,False,False,False,False,False,False,False,False,False,False,False,False,False,False,False,False,False,False
5199834,Senior data engineer (H/F),,Data Engineer,Autres régions,Hors Île-de-France,34,CDD,E,3 An(s),2026-07-21 10:01:57+00:00,False,False,False,False,False,False,False,False,False,False,True,False,False,True,False,False,False,False,False,False,False,False,True,False,False,False,True,False,False,False,False,False
5042246,Senior Data Engineer Snowflake F/H,,Data Engineer,Autres régions,Hors Île-de-France,69,MIS,D,Débutant accepté,2026-07-16 12:08:48+00:00,False,False,False,False,False,False,False,False,False,False,True,False,False,True,True,False,False,False,False,False,False,False,True,False,False,False,False,False,True,False,False,False
4790580,Data Engineer Confirmed - Core Data Product(f/m/d) H/F,,Data Engineer,Île-de-France,Île-de-France,75,CDI,D,Débutant accepté,2026-07-10 08:30:52+00:00,False,False,False,False,False,False,False,False,False,False,False,False,False,False,False,False,False,False,False,False,False,False,False,False,False,False,False,False,True,False,False,False
4772944,Cloud Data Engineer F/H h/f,,Data Engineer,Autres régions,Hors Île-de-France,38,CDI,E,Expérience exigée,2026-07-09 22:26:59+00:00,False,True,False,False,False,False,False,False,False,False,False,True,False,False,False,False,True,True,True,False,True,False,True,False,False,False,False,False,False,True,True,False
3880348,Data Engineer (Databricks /Azure) H/F,,Data Engineer,Autres régions,Hors Île-de-France,39,CDI,D,Débutant accepté,2026-06-17 06:59:10+00:00,True,False,False,False,False,False,False,False,False,False,False,False,False,False,False,False,True,True,False,False,False,False,True,False,False,False,False,False,True,False,True,False
3850813,Data Scientist / AI Engineer (H/F),,Data Scientist,Île-de-France,Île-de-France,92,MIS,D,Débutant accepté,2026-06-16 18:41:08+00:00,False,False,False,False,False,False,False,False,False,False,False,False,False,False,False,False,False,False,False,False,False,False,False,False,False,False,False,False,True,False,False,False
2899517,Consultant.e Data Engineer AWS H/F,,Data Engineer,Île-de-France,Île-de-France,92,MIS,D,Débutant accepté,2026-05-22 05:44:18+00:00,False,False,False,False,False,False,False,False,False,False,False,False,False,False,False,False,False,False,True,False,False,False,False,False,False,False,False,False,False,False,False,False
2654034,Senior Data engineer H/F,,Data Engineer,Autres régions,Hors Île-de-France,59,MIS,D,Débutant accepté,2026-05-14 16:56:25+00:00,False,False,False,False,False,False,False,False,False,False,False,False,False,True,False,False,False,False,False,False,False,False,False,False,False,False,False,False,False,False,True,False
2653953,Senior Data Engineer Snowflake F/H,,Data Engineer,Autres régions,Hors Île-de-France,59,MIS,D,Débutant accepté,2026-05-14 16:53:48+00:00,True,False,False,False,False,True,False,False,False,False,True,False,False,True,True,False,False,False,False,False,True,False,True,False,False,False,False,False,False,False,False,False
1474166,Data Engineer Senior (F/H),,Data Engineer,Île-de-France,Île-de-France,92,MIS,D,Débutant accepté,2026-04-15 05:47:47+00:00,True,True,False,False,False,False,False,False,False,False,False,False,False,True,False,False,False,True,False,False,False,False,False,False,False,False,True,False,False,False,False,False
7586517,Analytics Engineer - Freelance (H/F),Collective.work,Data Engineer,Autres régions,Hors Île-de-France,69,LIB,D,Débutant accepté,2026-10-02 10:03:08.465000+00:00,False,False,False,False,False,True,False,False,False,False,False,False,False,True,True,False,True,False,False,True,False,False,False,False,False,False,False,False,False,False,False,False
6961829,Staff Analytics Engineer (H/F),Kaino,Data Engineer,Île-de-France,Île-de-France,75,CDI,D,Débutant accepté,2026-09-17 10:02:36.582000+00:00,True,True,False,False,False,False,False,False,False,False,True,False,False,True,False,False,False,False,False,True,True,False,True,False,False,False,False,False,False,False,False,False
6825326,"Analytics Engineer (databricks, spark, AWS) - Paris / Lille - CDI (H/F)",Collective.work,Data Engineer,Île-de-France,Île-de-France,75,CDI,E,4 An(s),2026-09-11 10:02:05.723000+00:00,True,True,False,False,False,False,False,False,False,False,True,True,True,False,False,False,True,False,True,False,True,False,True,False,False,False,False,False,False,False,False,False
5690259,Analytics Engineer F/H,,Data Engineer,Autres régions,Hors Île-de-France,39,CDI,D,Débutant accepté,2026-08-03 12:03:48.773000+00:00,False,False,False,False,False,False,False,False,False,False,False,False,False,False,False,False,False,False,False,False,False,False,False,False,False,False,False,False,False,False,False,False
7635500,Analytics Engineer H/F h/f,,Data Engineer,Autres régions,Hors Île-de-France,74,CDI,E,Expérience exigée,2026-10-03 22:11:58.053000+00:00,True,False,False,False,False,False,False,False,False,False,True,False,False,False,True,True,False,False,False,False,False,False,False,True,False,False,False,False,False,True,False,False
7514153,BI / BIG DATA: Data Scientist - Sénior - Freelance (H/F),Collective.work,Data Scientist,Île-de-France,Île-de-France,75,LIB,D,Débutant accepté,2026-09-30 10:02:56.596000+00:00,False,True,False,False,False,False,False,False,False,False,False,False,False,False,False,False,False,False,False,False,False,False,False,False,True,False,True,False,False,False,True,True
6825013,"Data scientist GenAI - LLM, RAG & AI engineering - Freelance (H/F)",Collective.work,Data Scientist,Île-de-France,Île-de-France,75,LIB,D,Débutant accepté,2026-09-11 10:01:51.153000+00:00,True,True,False,False,False,False,False,False,False,False,False,True,False,False,False,False,False,True,True,True,True,True,True,False,True,True,True,False,False,True,True,True
7576812,Data Engineering Manager (H/F),DECATHLON,Data Engineer,Île-de-France,Île-de-France,75,CDI,D,Débutant accepté,2026-10-02 07:13:11.637000+00:00,False,False,False,False,False,False,False,False,False,False,False,False,False,False,False,False,True,False,False,False,False,False,False,False,False,False,False,False,False,False,False,False
7553194,Ingénieur Data - VBA / SQL - Freelance (H/F),Collective.work,Data Engineer,Île-de-France,Île-de-France,75,LIB,D,Débutant accepté,2026-10-01 10:04:31.418000+00:00,True,False,False,False,True,False,False,False,False,False,False,False,False,False,False,False,False,False,False,False,False,False,False,False,False,False,False,False,False,False,False,False
7516730,Ingénieur Data Talend (F/H),,Data Engineer,Île-de-France,Île-de-France,92,CDI,D,Débutant accepté,2026-09-30 12:35:08.346000+00:00,True,False,False,False,False,False,False,False,False,False,False,False,False,False,False,False,False,True,False,False,False,False,False,False,False,False,False,False,False,False,False,False
7430759,INGÉNIEUR DATA - H/F,ATOL CONSEILS ET DEVELOPPEMENTS,Data Engineer,Autres régions,Hors Île-de-France,21,CDI,E,2 An(s),2026-09-26 19:34:36.888000+00:00,True,True,False,False,False,True,True,False,False,True,True,True,True,False,False,False,False,False,False,False,True,True,True,False,False,False,False,False,False,False,True,False
7421861,Ingénieur Big Data - Freelance (H/F),Collective.work,Data Engineer,Île-de-France,Île-de-France,75,LIB,E,2 An(s),2026-09-26 10:03:28.609000+00:00,True,True,False,False,False,False,False,False,False,False,False,True,True,False,False,False,True,True,False,False,False,False,True,False,False,False,False,False,False,False,True,False
7348338,Manager Technique Data Engineering (H/F),,Data Engineer,Île-de-France,Île-de-France,94,CDI,E,3 An(s),2026-09-25 03:24:33.784000+00:00,True,True,False,False,False,False,False,False,False,False,False,False,False,True,False,False,False,True,False,False,False,False,True,False,False,False,False,False,False,True,True,True
7117698,Ingénieur en science des données / Datascientist H/F,FHF,Data Scientist,Autres régions,Hors Île-de-France,21,CDI,D,Débutant accepté,2026-09-23 07:04:43.892000+00:00,False,False,False,False,False,False,False,False,False,False,False,False,False,False,False,False,False,False,False,False,False,False,False,False,False,False,False,False,False,False,False,False
7030337,Ingénieur Data - (3/5 ans) - Freelance (H/F),Collective.work,Data Engineer,Autres régions,Hors Île-de-France,63,LIB,D,Débutant accepté,2026-09-19 10:03:25.475000+00:00,False,True,False,False,False,False,False,False,False,False,False,False,False,False,False,False,True,False,False,False,False,False,False,False,False,False,False,False,False,True,False,False
6966339,Alternance Ingénieur Data / IA - Paris (F/H),,Data Engineer,Île-de-France,Île-de-France,75,CDD,D,Débutant accepté,2026-09-17 12:22:14.414000+00:00,False,False,False,False,False,False,False,False,False,False,False,False,True,False,False,False,False,False,False,False,False,False,False,False,False,False,True,False,False,False,False,False
6825358,Ingénieur Data - Pipeline des données  - Freelance (H/F),Collective.work,Data Engineer,Autres régions,Hors Île-de-France,13,LIB,D,Débutant accepté,2026-09-11 10:02:06.427000+00:00,False,False,False,False,False,False,False,False,False,False,False,False,False,True,True,False,False,False,True,False,False,False,False,False,False,False,False,False,False,True,False,False
6800815,Ingénieur Data H/F,,Data Engineer,Autres régions,Hors Île-de-France,08,CDI,D,Débutant accepté,2026-09-10 12:30:18.933000+00:00,True,True,False,False,False,True,False,False,False,False,False,False,False,True,True,False,False,True,False,False,True,False,False,False,False,False,False,True,False,True,False,False
6747823,Ingénieur Data H/F,Econocom,Data Engineer,Autres régions,Hors Île-de-France,33,CDI,E,Expérience exigée,2026-09-09 04:31:32.121000+00:00,True,True,False,False,False,True,False,False,False,False,True,False,True,False,True,False,False,True,True,True,True,True,True,False,False,False,False,False,False,False,False,False
6635489,Ingénieur IA - Data Science & MLOps F/H - GLIMPS,GLIMPS,Data Scientist,Autres régions,Hors Île-de-France,35,CDI,E,3 An(s),2026-09-04 21:15:47.444000+00:00,False,True,False,False,False,False,False,False,False,False,False,False,False,True,False,False,False,False,False,False,True,True,True,False,True,True,False,False,False,False,False,False
5689475,Senior Data Scientist GenAI (H/F),Kaino,Data Scientist,Île-de-France,Île-de-France,75,CDI,E,4 An(s),2026-08-03 10:02:43+00:00,False,True,False,False,False,False,False,False,False,False,False,False,False,False,False,False,False,False,False,True,False,False,False,False,True,False,True,False,False,True,True,False
5665051,Ingénieur Data H/F,,Data Engineer,Autres régions,Hors Île-de-France,08,CDI,D,Débutant accepté,2026-08-01 11:56:45.104000+00:00,True,True,False,False,False,False,False,False,False,False,False,False,True,False,True,True,False,True,False,False,False,False,False,False,False,False,False,False,False,False,True,False
214RSPP,Ingénieur Data SAP H/F,CRIT INTERIM,Data Engineer,Autres régions,Hors Île-de-France,31,MIS,E,2 An(s),2026-10-02 09:19:01.304000+00:00,False,False,False,False,False,False,False,False,False,False,False,False,False,False,False,False,False,False,False,False,False,False,False,False,False,False,False,True,False,True,False,False
214RCHM,Ingénieur Data Intégration IT (H/F) RDVAEROMIN,TRANSAVIA FRANCE,Data Engineer,Île-de-France,Île-de-France,94,CDI,E,5 An(s),2026-10-01 14:23:45.853000+00:00,True,True,False,False,False,False,False,False,False,False,False,False,False,False,False,False,False,True,False,False,False,False,False,False,False,False,False,False,False,True,False,False
214CRWD,Ingénieur.e Data Scientist & IA (H/F),,Data Scientist,Île-de-France,Île-de-France,92,CDI,D,Débutant accepté,2026-09-18 22:21:44.535000+00:00,False,True,False,False,False,False,False,False,False,False,False,True,False,False,False,False,False,False,True,False,False,False,True,False,True,False,True,False,False,True,False,False
213MXST,DATA SCIENTIST IA H/F/NB (H/F),NRJ GROUP,Data Scientist,Île-de-France,Île-de-France,75,CDI,E,2 An(s),2026-09-07 17:02:34.361000+00:00,False,False,False,False,False,False,False,False,False,False,False,False,False,False,False,False,False,False,False,False,False,False,False,False,False,False,True,False,False,False,False,True
214KHSJ,Data Scientist (H/F),AUM BIOSYNC,Data Scientist,Autres régions,Hors Île-de-France,71,CDI,D,Débutant accepté,2026-09-25 09:41:19.742000+00:00,False,False,False,False,False,False,False,False,False,False,False,False,False,False,False,False,False,False,False,False,False,False,False,True,True,False,False,False,False,True,False,False
7624692,Ingénieur / Ingénieure data scientist (H/F),,Data Scientist,Autres régions,Hors Île-de-France,63,CDD,D,Débutant accepté,2026-10-03 11:04:20.009000+00:00,False,False,False,False,False,False,False,False,False,False,False,False,False,False,False,False,False,False,False,False,False,False,False,False,False,False,False,False,False,False,False,False
7601910,Ingénieur d'État en Intelligence Artificielle et Data Science (H/F),THALES,Data Scientist,Autres régions,Hors Île-de-France,83,CDI,E,3 An(s),2026-10-03 03:35:12.389000+00:00,False,False,False,False,False,False,False,False,False,False,False,False,False,False,False,False,False,False,False,False,False,False,False,False,False,False,False,False,False,False,False,False
7586399,Ingénieur Data Collect et Transformation - Cybersécurité - Freelance (H/F),Collective.work,Data Engineer,Île-de-France,Île-de-France,75,LIB,D,Débutant accepté,2026-10-02 10:03:04.622000+00:00,False,True,False,False,False,False,False,False,False,False,False,False,False,True,False,False,False,False,False,False,True,True,False,False,False,False,False,False,False,True,False,False
7514260,Ingénieur Data Center - Cooling & Énergie - Freelance (H/F),Collective.work,Data Engineer,Île-de-France,Île-de-France,75,LIB,D,Débutant accepté,2026-09-30 10:02:59.756000+00:00,False,False,False,False,False,False,False,False,False,False,False,False,False,False,False,False,False,False,False,False,False,False,False,False,False,False,False,False,False,False,False,False
7430929,RESPONSABLE COMPTABILITE ANALYTIQUE ET STRUCTURE / INGENIEUR DATA BI HOSPITALIER - 100% - H/F,Les Hôpitaux Sud Lorraine,Data Engineer,Autres régions,Hors Île-de-France,54,CDD,E,1 An(s),2026-09-26 19:34:58.171000+00:00,True,False,False,False,False,True,False,False,False,False,False,False,False,False,False,False,False,False,False,False,False,False,False,False,False,False,False,False,False,False,False,False
7133079,Ingénieur(e) Data Scientist confirmé(e) - Industrie - Lyon H/F,,Data Scientist,Autres régions,Hors Île-de-France,69,CDI,D,Débutant accepté,2026-09-23 12:16:53.055000+00:00,False,False,False,False,False,False,False,False,False,False,False,False,False,False,False,False,False,True,True,False,False,False,False,False,True,True,False,False,False,False,False,False
7132308,INGENIEUR DATA BI - CLOUD AZURE (H/F),PROPULSE IT,Data Engineer,Île-de-France,Île-de-France,75,LIB,E,2 An(s),2026-09-23 11:25:59.206000+00:00,True,False,False,False,False,True,False,False,False,False,False,False,False,False,False,False,False,True,False,False,False,False,False,False,False,False,False,False,False,True,False,False
6964016,Alternance Ingénieur Data / IA - Paris (H/F),ISCOD,Data Engineer,Île-de-France,Île-de-France,75,CDD,E,1 An(s),2026-09-17 11:22:04.725000+00:00,False,False,False,False,False,False,False,False,False,False,False,False,True,False,False,False,False,False,True,False,False,False,False,False,False,False,True,False,False,True,False,False
6846279,INGENIEUR DATA BI - GENIO (H/F),PROPULSE IT,Data Engineer,Île-de-France,Île-de-France,75,LIB,E,5 An(s),2026-09-12 11:25:04.798000+00:00,True,True,False,False,False,False,False,False,False,False,False,False,False,True,False,True,False,False,False,True,False,False,False,False,False,False,False,False,False,False,False,False
6845887,Ingénieur Big Data Kestra Senior (H/F),DGTL Performance,Data Engineer,Île-de-France,Île-de-France,78,CDI,E,5 An(s),2026-09-12 11:24:48.981000+00:00,True,True,False,False,False,False,False,False,False,False,False,False,False,False,False,True,False,False,False,True,True,True,True,False,False,False,False,False,False,False,True,False
6807597,Ingénieur Data Scientist (H/F),THALES,Data Scientist,Autres régions,Hors Île-de-France,29,CDI,D,Débutant accepté,2026-09-11 03:26:52.676000+00:00,False,True,False,False,False,False,False,False,False,False,False,True,False,False,False,False,False,True,True,True,False,False,False,False,True,True,True,False,False,True,True,False
6796851,Consultant(e) Data Science - Ingénieur IA (H/F/NB),Trimane,Data Scientist,Île-de-France,Île-de-France,92,CDI,E,5 An(s),2026-09-10 11:21:27.409000+00:00,False,True,False,False,False,False,False,False,False,False,False,False,False,False,False,False,True,True,False,False,False,False,False,False,True,True,True,False,False,False,True,False
5503391,Ingénieur / Ingénieure data scientist (H/F),CENTRE LEON BERARD,Data Scientist,Autres régions,Hors Île-de-France,69,CDD,D,Débutant accepté,2026-07-28 05:34:22.009000+00:00,False,False,False,False,False,False,False,False,False,False,False,False,False,False,False,False,False,False,False,False,False,False,False,False,False,False,False,False,False,False,False,False
5433976,INGÉNIEUR DATA SCIENCE  PROJET TRANSPOP » INGÉNIEUR HOSPITALIER - H/F,Centre Hospitalier Universitaire de Grenoble,Data Scientist,Autres régions,Hors Île-de-France,38,CDD,E,1 An(s),2026-07-24 19:33:44+00:00,False,True,False,False,False,False,False,False,False,False,False,False,False,False,False,False,False,False,False,False,True,False,False,False,False,True,True,False,False,False,False,False
5155945,Ingénieur data scientist f/h (H/F),,Data Scientist,Autres régions,Hors Île-de-France,,CDI,D,Débutant accepté,2026-07-20 08:15:40+00:00,False,False,False,False,False,False,False,False,False,False,False,False,False,False,False,False,False,False,False,False,False,False,False,True,True,True,False,False,False,False,False,False
4276902,Ingénieur Data BI F/H - Goûters Magiques - Goûters Magiques,Goûters Magiques - Goûters Magiques,Data Engineer,Autres régions,Hors Île-de-France,56,CDI,E,5 An(s),2026-06-26 21:15:52+00:00,True,False,False,False,False,True,False,False,False,False,False,False,False,True,False,False,False,False,False,False,False,False,False,False,False,False,False,False,False,False,False,False
3873214,Ingénieur Data & Information Protection Microsoft (H/F),,Data Engineer,Île-de-France,Île-de-France,92,MIS,D,Débutant accepté,2026-06-17 04:59:52+00:00,False,False,False,False,False,False,False,False,False,False,False,False,False,False,False,False,False,False,True,False,False,False,False,False,False,False,False,False,False,False,False,False
6825670,TECH LEAD DATA SCIENTIST - IA GÉNÉRATIVE (H/F) - Freelance,Collective.work,Data Scientist,Île-de-France,Île-de-France,75,LIB,D,Débutant accepté,2026-09-11 10:02:20.665000+00:00,False,True,False,False,False,False,False,False,False,False,False,False,False,False,False,False,False,False,False,False,False,False,True,False,True,True,True,False,False,False,False,True
6825346,DATA SCIENTIST EXPÉRIMENTÉ - IA GÉNÉRATIVE  - Freelance (H/F),Collective.work,Data Scientist,Île-de-France,Île-de-France,75,LIB,D,Débutant accepté,2026-09-11 10:02:06.402000+00:00,False,True,False,False,False,False,False,False,False,False,False,False,False,False,False,False,False,False,False,False,False,False,False,False,True,True,True,False,False,False,True,False
7586527,Data Scientist - Freelance (H/F),Collective.work,Data Scientist,Autres régions,Hors Île-de-France,37,LIB,D,Débutant accepté,2026-10-02 10:03:09.330000+00:00,True,True,False,False,False,False,False,False,False,False,False,False,False,False,False,False,False,False,False,False,True,False,True,True,False,False,False,False,False,False,False,True
7093155,Senior Consultant.e - Data Scientist (H/F),,Data Scientist,Île-de-France,Île-de-France,92,CDI,E,0 An(s),2026-09-22 10:09:47.622000+00:00,False,False,False,False,False,False,False,False,False,False,False,False,False,False,True,False,True,True,True,True,False,False,False,False,False,False,True,False,False,False,False,False
7062851,Data scientist et analyste confirmé H/F,,Data Scientist,Île-de-France,Île-de-France,77,CDI,E,3 An(s),2026-09-21 17:29:30.670000+00:00,False,False,False,False,False,False,False,False,False,False,False,False,False,False,False,False,False,False,False,False,False,False,False,True,True,False,False,False,False,False,False,False
6961854,DATA SCIENTIST EXPÉRIMENTÉ - IA GÉNÉRATIVE / RAG - Freelance (H/F),Collective.work,Data Scientist,Île-de-France,Île-de-France,75,LIB,D,Débutant accepté,2026-09-17 10:02:37.719000+00:00,False,False,False,False,False,False,False,False,False,False,False,False,False,False,False,False,False,False,False,False,False,False,False,False,True,False,True,False,False,True,False,False
6825311,Data Scientist - Retail & Distribution H/F - CDI,Collective.work,Data Scientist,Île-de-France,Île-de-France,75,CDI,D,Débutant accepté,2026-09-11 10:02:03.680000+00:00,True,True,False,False,False,False,False,False,False,False,False,False,True,False,False,True,False,False,False,True,True,True,True,False,False,True,True,False,False,False,False,False
7092877,Lead AI Data Science - Freelance (H/F),Collective.work,Data Scientist,Île-de-France,Île-de-France,75,LIB,D,Débutant accepté,2026-09-22 10:03:08.409000+00:00,False,False,False,False,False,False,False,False,False,False,False,False,False,False,False,False,False,False,False,False,False,False,False,False,False,False,True,False,False,False,False,False
5018810,Manager Technique Data Engineering (H/F),,Data Engineer,Île-de-France,Île-de-France,75,CDI,D,Débutant accepté,2026-07-16 03:21:31+00:00,True,True,False,False,False,False,False,True,False,False,False,False,False,True,False,False,False,True,True,True,False,False,True,False,False,False,False,False,False,False,False,False
214QFSQ,Data Scientist (H/F),,Data Scientist,Autres régions,Hors Île-de-France,67,CDD,D,Débutant accepté,2026-09-30 16:45:52.890000+00:00,True,True,False,False,False,False,False,False,False,False,False,False,False,False,False,False,False,False,False,False,True,False,False,True,True,False,False,False,False,False,False,True
214MMFP,Data Scientist (H/F),SOCIETE OUEST FRANCE,Data Scientist,Autres régions,Hors Île-de-France,35,CDI,E,48 Mois,2026-09-28 15:37:44.138000+00:00,False,False,False,False,False,False,False,False,False,False,False,False,False,False,False,False,False,False,False,False,True,True,False,False,False,False,True,False,False,False,False,True
214JYXZ,Data scientist H/F,CRIT INTERIM,Data Scientist,Île-de-France,Île-de-France,77,MIS,E,2 An(s),2026-09-24 17:23:34.594000+00:00,False,True,False,False,False,False,False,False,False,False,False,False,False,False,False,False,False,False,False,False,True,False,False,True,True,True,False,False,False,False,False,False
214JPBP,Data scientist (H/F),CHU DUPUYTREN LIMOGES,Data Scientist,Autres régions,Hors Île-de-France,87,CDD,E,12 Mois,2026-09-24 13:48:41.995000+00:00,True,True,True,False,False,False,False,False,False,False,False,False,True,True,False,False,False,False,False,False,True,False,False,True,False,False,False,False,False,True,False,False
214JLWY,Data scientist F/H,CAISSE DES DEPOTS ET CONSIGNATIONS,Data Scientist,Île-de-France,Île-de-France,75,CDI,E,5 An(s),2026-09-24 11:56:46.366000+00:00,False,False,False,False,False,False,False,False,False,False,False,False,False,False,False,False,False,True,False,False,False,False,True,True,True,True,True,False,False,False,False,True
213ZYMS,Data Scientist (H/F),INOV TEAM LABS,Data Scientist,Autres régions,Hors Île-de-France,06,CDI,E,4 An(s),2026-09-17 15:30:51.184000+00:00,True,True,True,False,False,True,True,False,False,False,False,True,False,False,False,False,False,False,False,False,True,False,False,True,True,True,False,False,False,True,False,True
213ZDYN,Data scientist,RANDSTAD PROFESSIONAL & APPEL MEDICAL,Data Scientist,Île-de-France,Île-de-France,75,MIS,E,4 An(s),2026-09-17 09:04:01.821000+00:00,False,False,False,False,False,False,False,False,False,False,False,False,False,True,False,False,False,False,False,False,False,False,False,False,False,False,False,False,False,False,False,False
213WKKD,Informaticien d'étude - Data Scientist junior (H/F) - CDI (H/F),SYSTNAPS,Data Scientist,Île-de-France,Île-de-France,94,CDI,E,1 An(s),2026-09-14 23:17:57.936000+00:00,True,True,True,False,False,False,False,False,False,False,False,False,False,False,False,False,False,False,False,False,True,False,False,True,True,False,False,False,False,False,False,False
213NJDS,Data scientist (H/F),PORTIFY SERVICES,Data Scientist,Île-de-France,Île-de-France,75,CDI,E,2 An(s),2026-09-08 09:20:55.726000+00:00,False,False,False,False,False,False,False,False,False,False,False,False,False,False,False,False,False,False,False,False,False,False,False,False,True,False,True,False,False,False,False,False
7624644,Data scientist (H/F),,Data Scientist,Île-de-France,Île-de-France,75,CDD,D,Débutant accepté,2026-10-03 11:04:17.398000+00:00,False,False,False,False,False,False,False,False,False,False,False,False,False,False,False,False,False,False,False,False,False,False,False,False,False,True,True,False,False,False,False,False
7588085,Data Scientist Confirmé - Mobilité Electrique (F/H),,Data Scientist,Île-de-France,Île-de-France,92,CDI,D,Débutant accepté,2026-10-02 12:09:14.821000+00:00,True,True,False,False,False,False,False,True,False,False,False,False,False,False,False,False,True,False,False,False,False,False,False,False,False,False,False,False,False,False,False,False
7572919,Data Scientist (F/H) - Projet CEDRE France 2030,Université Aix-Marseille,Data Scientist,Autres régions,Hors Île-de-France,13,CDI,D,Débutant accepté,2026-10-02 04:32:16.004000+00:00,True,True,False,False,False,False,False,False,False,False,False,False,False,False,False,False,False,False,False,False,True,True,True,False,True,True,True,False,False,False,True,False
7553256,Data Scientist - Python / PySpark / GeoPandas (F/H)  - Freelance,Collective.work,Data Scientist,Autres régions,Hors Île-de-France,69,LIB,D,Débutant accepté,2026-10-01 10:04:35.922000+00:00,False,True,False,False,False,True,False,False,False,False,False,False,False,False,False,False,False,False,False,False,True,False,True,True,True,False,False,False,False,False,False,True
7553146,Data Scientist - Données spatiales / GeoPandas / PySpark (F/H)  - Freelance,Collective.work,Data Scientist,Autres régions,Hors Île-de-France,69,LIB,D,Débutant accepté,2026-10-01 10:04:27.970000+00:00,True,True,False,False,False,True,False,False,False,False,False,False,False,False,False,False,False,False,False,False,True,False,True,True,True,False,False,False,False,False,False,False
7534329,Data Scientist Senior (H/F) h/f,,Data Scientist,Autres régions,Hors Île-de-France,74,CDI,E,Expérience exigée,2026-09-30 22:11:59.839000+00:00,False,True,False,False,False,False,False,False,False,False,False,False,False,False,False,False,False,True,False,False,True,False,False,False,True,False,False,False,False,True,False,True
7514343,DATA SCIENTIST EXPÉRIMENTÉ (H/F) IA GÉNÉRATIVE / LLM / RAG - Freelance,Collective.work,Data Scientist,Île-de-France,Île-de-France,75,LIB,D,Débutant accepté,2026-09-30 10:03:02.787000+00:00,False,True,False,False,False,False,False,False,False,False,False,False,False,False,False,False,False,False,False,False,False,False,False,False,False,False,True,False,False,False,False,False
7514265,Data Scientist - Freelance (H/F),Collective.work,Data Scientist,Île-de-France,Île-de-France,92,LIB,D,Débutant accepté,2026-09-30 10:02:59.776000+00:00,True,True,False,False,False,False,False,False,False,False,False,False,False,False,False,False,False,False,False,False,False,False,False,False,False,False,False,False,False,False,False,False
7489700,Data Scientist Customer Journey & IA Générative H/F - Freelance,Collective.work,Data Scientist,Autres régions,Hors Île-de-France,13,LIB,E,2 An(s),2026-09-29 10:03:00.565000+00:00,True,True,False,False,False,False,False,False,False,False,False,False,False,False,True,False,False,False,False,False,False,False,False,False,False,True,True,False,True,True,False,False
7425869,Data Scientist Risques F/H,,Data Scientist,Île-de-France,Île-de-France,75,CDI,D,Débutant accepté,2026-09-26 12:03:20.460000+00:00,False,False,False,False,False,False,False,False,False,False,False,False,False,False,False,False,False,False,False,False,False,False,False,False,False,False,False,False,False,False,False,False
7425825,Data Scientist ESG F/H,,Data Scientist,Île-de-France,Île-de-France,75,CDI,D,Débutant accepté,2026-09-26 12:03:20.062000+00:00,True,True,False,True,False,False,False,False,False,False,False,False,False,False,False,False,False,False,False,False,False,False,False,False,False,False,False,False,False,False,False,False
7425806,Data Scientist F/H,,Data Scientist,Île-de-France,Île-de-France,75,CDI,D,Débutant accepté,2026-09-26 12:03:18.750000+00:00,True,True,True,False,False,False,False,False,False,False,False,True,False,False,False,False,False,False,False,False,False,False,False,True,True,False,False,False,False,True,False,True
7406839,Data scientist (H/F),Forums Talents Handicap,Data Scientist,Île-de-France,Île-de-France,75,MIS,D,Débutant accepté,2026-09-26 05:01:26.189000+00:00,True,True,False,False,False,False,False,False,False,False,False,False,False,False,False,False,False,False,False,False,False,False,False,False,False,False,False,False,False,True,False,False
7404568,Data scientist (H/F),AUCHAN RETAIL FRANCE,Data Scientist,Autres régions,Hors Île-de-France,59,CDI,E,3 An(s),2026-09-26 03:30:05.194000+00:00,True,True,False,False,False,True,False,False,True,False,False,False,False,False,False,False,False,False,False,True,False,False,True,True,False,False,False,False,False,False,False,True
7380936,Data Scientist (H/F),KLANIK,Data Scientist,Autres régions,Hors Île-de-France,69,CDI,E,5 An(s),2026-09-25 11:21:41.219000+00:00,True,True,False,False,False,True,True,False,False,False,False,False,False,False,False,False,False,False,False,False,True,False,False,False,False,False,False,False,False,False,False,True
7378602,Data scientist h/f (H/F),,Data Scientist,Île-de-France,Île-de-France,77,MIS,E,Expérience exigée,2026-09-25 08:15:50.674000+00:00,False,True,False,False,False,False,False,False,False,False,False,False,False,False,False,False,False,False,False,False,True,False,False,False,True,True,False,False,False,False,False,False
7352565,Data scientist F/H - Localisation Paris,Caisse des Dépôts,Data Scientist,Île-de-France,Île-de-France,75,CDI,D,Débutant accepté,2026-09-25 04:31:49.466000+00:00,True,True,False,False,False,False,False,False,False,False,False,True,False,False,False,False,False,False,False,False,False,False,False,True,True,True,True,False,False,False,False,True
7161806,Data Scientist (démarrage Janvier) - Freelance (H/F),Collective.work,Data Scientist,Île-de-France,Île-de-France,92,LIB,E,3 An(s),2026-09-24 10:03:16.759000+00:00,True,True,False,False,False,True,False,False,False,False,False,True,False,False,False,False,False,False,False,False,True,False,True,True,True,False,False,False,False,False,True,False
7155675,"Data scientist confirmé - réseaux, exposition et audit des plateformes (H/F)",ARCOM,Data Scientist,Île-de-France,Île-de-France,75,CDI,E,Expérience exigée,2026-09-24 04:31:39.851000+00:00,True,True,False,False,False,False,False,False,False,False,False,False,False,False,False,False,False,False,False,False,False,False,False,True,False,True,True,False,False,True,False,False
7126084,Data Scientist Sénior - Dataiku / Python - Freelance (H/F),Collective.work,Data Scientist,Île-de-France,Île-de-France,75,LIB,D,Débutant accepté,2026-09-23 10:03:06.103000+00:00,True,True,False,False,False,False,False,False,False,False,False,False,False,False,False,False,False,False,False,False,False,False,False,False,False,False,False,False,False,False,False,False
7117776,DATA SCIENTIST (H/F),U Les Commerçants,Data Scientist,Pays de la Loire,Hors Île-de-France,44,CDI,E,Expérience exigée,2026-09-23 07:04:45.332000+00:00,True,True,False,False,False,False,False,False,False,False,False,False,False,False,False,True,False,False,False,True,False,False,False,True,False,False,False,False,True,False,False,True
7059878,ENOVIA Brand Data Scientist (H/F),Forums Talents Handicap,Data Scientist,Île-de-France,Île-de-France,78,MIS,D,Débutant accepté,2026-09-21 14:47:30.977000+00:00,True,True,False,False,False,False,False,False,False,False,False,False,False,False,False,False,False,False,False,False,False,False,False,True,True,False,False,False,False,True,False,True
7059716,Applicative Data Scientist (H/F),Forums Talents Handicap,Data Scientist,Île-de-France,Île-de-France,92,MIS,D,Débutant accepté,2026-09-21 14:45:19.401000+00:00,False,True,False,False,False,False,False,True,False,False,False,False,False,False,False,False,False,False,False,False,False,False,False,False,True,True,True,False,False,False,False,False
7059674,Annonce générique - - Data Scientist (H/F),Forums Talents Handicap,Data Scientist,Île-de-France,Île-de-France,78,MIS,D,Débutant accepté,2026-09-21 14:44:56.121000+00:00,False,False,False,False,False,False,False,False,False,False,False,False,False,False,False,False,False,False,False,False,False,False,False,False,True,False,False,False,False,False,False,False
7054290,Data scientist confirmé-e f/h (H/F),,Data Scientist,Île-de-France,Île-de-France,78,CDI,E,Expérience exigée,2026-09-21 12:12:07.702000+00:00,False,False,False,False,False,False,False,False,False,False,False,False,False,False,False,False,False,False,True,False,False,False,False,False,False,False,True,False,False,False,False,False
7030402,Senior Data Scientist - PARIS - Anglais courant obligatoire  - Freelance (H/F),Collective.work,Data Scientist,Île-de-France,Île-de-France,75,LIB,D,Débutant accepté,2026-09-19 10:03:55.662000+00:00,False,True,False,False,False,False,False,False,False,False,False,False,False,False,False,False,False,False,False,False,False,False,False,False,True,True,True,False,True,True,False,False
6884528,Data scientist (H/F),,Data Scientist,Île-de-France,Île-de-France,75,CDI,E,6 An(s),2026-09-15 09:40:35.157000+00:00,True,True,False,False,False,False,False,False,False,False,False,False,True,False,False,True,False,False,False,True,True,True,True,False,False,True,True,False,False,False,False,False
6884307,Data scientist (H/F),AUCHAN RETAIL FRANCE,Data Scientist,Autres régions,Hors Île-de-France,59,CDI,E,3 An(s),2026-09-15 09:39:58.453000+00:00,False,False,False,False,False,False,False,False,False,False,False,False,False,False,False,False,False,False,False,False,False,False,False,True,True,True,True,False,False,False,False,True
6845733,Data Scientist - Vision par Ordinateur / Traitement d'Images (H/F),Agixis,Data Scientist,Autres régions,Hors Île-de-France,69,CDI,E,2 An(s),2026-09-12 11:24:42.278000+00:00,False,True,False,False,False,False,False,False,False,False,False,False,False,False,False,False,False,False,False,False,True,True,True,False,False,True,False,False,False,False,False,False
6805355,DATA-SCIENTIST - H/F,Centre Hospitalier Universitaire de Grenoble,Data Scientist,Autres régions,Hors Île-de-France,38,CDD,D,Débutant accepté,2026-09-10 19:33:53.822000+00:00,True,True,True,False,False,False,False,False,False,False,False,False,False,False,False,False,False,False,False,False,True,False,False,False,True,False,True,False,False,False,False,False
6748212,Data Scientist H/F,CGI FINANCE,Data Scientist,Autres régions,Hors Île-de-France,59,CDI,E,Expérience exigée,2026-09-09 04:31:50.093000+00:00,True,True,False,False,False,False,False,False,False,False,False,False,False,False,True,False,False,False,False,False,False,False,False,True,True,False,True,False,False,False,False,False
6696854,DATA SCIENTIST - H/F,DGA Tech France Travail,Data Scientist,Île-de-France,Île-de-France,75,CDI,E,2 An(s),2026-09-07 19:33:55.320000+00:00,False,False,False,False,False,False,False,False,False,False,False,False,False,False,False,False,False,False,False,False,False,False,False,True,False,False,False,False,False,False,False,False
6597579,DATA SCIENTIST (H/F),Randstad professional,Data Scientist,Île-de-France,Île-de-France,78,MIS,E,3 An(s),2026-09-04 05:00:11.202000+00:00,False,False,False,False,False,False,False,False,False,False,False,False,False,False,False,False,False,False,False,False,False,False,False,True,False,False,False,False,False,False,False,False
6500115,Data Scientist Senior H/F  - Paris - IDF h/f,,Data Scientist,Île-de-France,Île-de-France,75,CDI,E,Expérience exigée,2026-09-01 22:25:42.441000+00:00,False,True,False,False,False,False,False,False,False,False,False,False,False,False,False,False,False,False,False,False,False,True,False,False,False,False,True,False,False,False,False,False
6401510,Data scientist (m/f) (réf. E) (H/F),,Data Scientist,Autres régions,Hors Île-de-France,,CDI,D,Débutant accepté,2026-08-29 07:00:56.180000+00:00,True,True,False,False,False,False,False,False,False,True,False,False,False,False,False,False,False,False,False,False,False,False,False,True,True,False,True,False,False,True,False,True
6354745,Data Scientist Confirmé(e) SaaS - E-commerce & Big Data H/F,Externatic,Data Scientist,Pays de la Loire,Hors Île-de-France,44,CDI,E,3 An(s),2026-08-27 23:01:17.506000+00:00,True,True,False,False,False,False,False,False,False,False,False,False,False,False,False,False,False,False,False,False,False,False,False,True,True,False,True,False,False,False,False,False
6325841,Data Scientist (H/F),,Data Scientist,Autres régions,Hors Île-de-France,,CDI,E,Expérience exigée,2026-08-27 07:00:56.634000+00:00,True,True,False,False,False,False,False,False,False,False,False,False,False,False,False,False,False,False,False,False,False,False,False,False,True,False,False,False,False,False,False,False
6181714,Data Scientist (F/H) h/f,,Data Scientist,Île-de-France,Île-de-France,75,CDI,E,Expérience exigée,2026-08-21 22:26:23.437000+00:00,True,True,True,False,False,False,False,True,False,False,False,False,False,False,False,False,False,False,False,False,False,False,False,True,False,False,True,False,False,False,False,False
5882452,Data scientist (H/F),,Data Scientist,Île-de-France,Île-de-France,75,CDI,E,3 An(s),2026-08-11 03:20:01+00:00,False,True,False,False,False,False,False,False,False,False,False,False,False,False,False,False,False,False,False,False,True,True,False,True,False,False,False,False,False,False,False,False
5778447,Lead Data Scientist F/H,,Data Scientist,Île-de-France,Île-de-France,93,CDI,D,Débutant accepté,2026-08-06 11:59:37.196000+00:00,False,False,False,False,False,False,False,False,False,False,False,False,False,False,False,False,False,False,False,False,False,False,False,False,False,False,False,False,False,False,False,False
5690333,Data Scientist IA Generative F/H,,Data Scientist,Autres régions,Hors Île-de-France,39,CDI,D,Débutant accepté,2026-08-03 12:03:51.023000+00:00,False,False,False,False,False,False,False,False,False,False,False,False,False,False,False,False,False,False,False,False,False,False,False,False,False,False,True,False,False,False,False,False
5634001,Data scientist (H/F),,Data Scientist,Île-de-France,Île-de-France,75,CDI,E,3 An(s),2026-08-01 03:23:52+00:00,False,True,False,False,False,False,False,False,False,False,False,False,False,False,False,False,False,False,False,False,False,False,False,True,False,False,False,False,False,False,False,True
5557655,Data Scientist IA F/H,,Data Scientist,Île-de-France,Île-de-France,92,CDI,E,Expérience exigée,2026-07-29 12:18:05.146000+00:00,True,True,False,False,False,False,False,False,False,False,False,False,False,False,False,False,True,True,False,False,True,True,True,False,True,True,True,False,False,False,True,False
5397637,Data scientist (H/F),,Data Scientist,Île-de-France,Île-de-France,75,CDI,D,Débutant accepté,2026-07-24 03:20:07+00:00,False,False,False,False,False,False,False,False,False,False,False,False,False,False,False,False,False,False,False,False,False,False,False,False,False,False,False,False,False,False,False,False
4635166,Principal data scientist h/f (H/F),,Data Scientist,Île-de-France,Île-de-France,94,CDI,D,Débutant accepté,2026-07-07 08:15:46+00:00,False,True,False,False,False,False,False,False,False,False,False,False,False,False,False,False,False,False,False,False,False,False,False,False,True,True,False,False,False,False,False,False
4635079,Data scientist - recherche operationnelle  f/h (H/F),,Data Scientist,Île-de-France,Île-de-France,94,CDI,D,Débutant accepté,2026-07-07 08:15:46+00:00,False,True,False,False,False,False,False,False,False,False,False,True,False,False,False,False,False,False,False,False,False,False,False,True,True,True,False,False,False,False,False,False
4570642,Senior Data Scientist - Demand Forecast H/F,,Data Scientist,Île-de-France,Île-de-France,75,CDI,D,Débutant accepté,2026-07-04 21:57:21+00:00,True,True,False,False,False,False,False,False,False,False,False,True,False,False,False,False,False,False,False,False,False,False,False,True,True,True,False,False,True,False,False,False
4397173,Data scientist (H/F),,Data Scientist,Autres régions,Hors Île-de-France,40,CDI,E,3 An(s),2026-06-30 11:41:13+00:00,False,True,False,False,False,False,False,False,False,False,False,False,False,False,False,False,False,False,False,False,False,False,False,True,True,False,False,False,False,False,False,False
4341771,Data Scientist - H/F/NB,,Data Scientist,Autres régions,Hors Île-de-France,81,MIS,D,Débutant accepté,2026-06-28 03:48:51+00:00,False,False,False,False,False,False,False,False,False,False,False,False,False,False,False,False,False,False,False,False,False,False,False,False,True,False,True,False,False,False,False,True
3851440,Senior Data scientist H/F,,Data Scientist,Autres régions,Hors Île-de-France,59,MIS,D,Débutant accepté,2026-06-16 18:44:15+00:00,False,False,False,False,False,False,False,False,False,False,False,False,False,False,False,False,False,False,False,False,False,False,False,True,True,False,False,False,False,False,False,False
2395866,Data scientist (H/F),NEW NET 3D,Data Scientist,Île-de-France,Île-de-France,92,CDI,E,3 An(s),2026-05-07 13:07:06+00:00,True,True,False,False,False,True,True,False,False,False,False,False,False,False,False,False,False,True,True,True,False,False,False,True,True,True,False,False,False,True,True,True
2393226,Data scientist (H/F),NEW NET 3D,Data Scientist,Île-de-France,Île-de-France,92,CDI,D,Débutant accepté,2026-05-07 11:53:49+00:00,False,False,False,False,False,True,False,False,False,False,False,False,False,False,False,False,False,False,False,False,False,False,False,False,False,False,True,False,True,False,False,False
7379916,Data Science Digital Plan - Freelance (H/F),Collective.work,Data Scientist,Île-de-France,Île-de-France,75,LIB,D,Débutant accepté,2026-09-25 10:03:07.827000+00:00,True,True,False,False,False,False,False,False,False,False,False,False,False,False,False,False,False,False,False,False,True,False,False,True,True,False,True,False,False,True,False,False
7093146,Consultant.e Confirmé.e - Data Science & IA (H/F),,Data Scientist,Île-de-France,Île-de-France,92,CDI,E,0 An(s),2026-09-22 10:09:46.881000+00:00,False,False,False,False,False,False,False,False,False,False,False,False,False,False,False,False,False,False,False,False,False,False,False,False,True,True,True,False,False,True,False,False
5739448,"Consultant Expérimenté et Manager en Data Science - Secteur Financier, HF (H/F)",EY,Data Scientist,Île-de-France,Île-de-France,75,CDI,D,Débutant accepté,2026-08-06 03:01:39+00:00,False,False,False,False,False,False,False,False,False,False,False,False,False,False,False,False,False,False,False,False,False,False,False,False,True,True,False,False,False,False,False,False
5739442,"Consultant Expérimenté & Manager en Data Engineering - Secteur Financier, H/F",EY,Data Engineer,Île-de-France,Île-de-France,75,CDI,E,3 An(s),2026-08-06 03:01:39+00:00,False,False,False,False,False,False,False,False,False,False,False,False,False,False,False,False,False,False,False,False,False,False,False,False,False,False,False,False,False,False,False,False
3858563,Head of Data Science H/F,,Data Scientist,Autres régions,Hors Île-de-France,39,CDI,D,Débutant accepté,2026-06-16 20:26:15+00:00,False,False,False,False,False,False,False,False,False,False,False,False,False,False,False,False,False,False,False,False,False,False,False,False,True,True,True,False,True,False,False,True
7132268,Data Architect / Tech Lead Data Engineering (H/F),KLANIK,Data Engineer,Autres régions,Hors Île-de-France,31,CDI,E,5 An(s),2026-09-23 11:25:53.263000+00:00,False,False,False,False,False,False,False,False,False,False,False,True,True,False,True,False,True,False,False,False,False,False,False,False,False,False,False,False,False,True,False,True
4587914,Expert en datascience / Experte en datascience (H/F),Advisory Key,Data Scientist,Île-de-France,Île-de-France,75,CDI,E,12 Mois,2026-07-06 11:10:32+00:00,False,False,False,False,False,False,False,False,False,False,False,True,False,False,False,False,False,True,False,False,False,False,False,False,False,False,False,False,False,False,False,False
